movie_id,actor_id
1,1707
1,2081
1,1004
1,2355
2,3120
2,1180
2,2354
2,2520
3,972
3,2135
3,3268
3,2617
4,1946
4,2703
4,1981
4,1490
5,2373
5,565
5,515
5,1715
6,2606
6,3135
6,3228
6,814
7,1529
7,3205
7,3045
7,2782
8,607
8,958
8,2176
8,2704
9,1263
9,2155
9,1967
9,1911
10,882
10,3176
10,1511
10,1119
11,280
11,1334
11,226
11,2807
12,2108
12,2794
12,1299
12,1765
13,538
13,325
13,1726
13,1618
14,2958
14,522
14,879
14,1451
15,2139
15,2291
15,606
15,3318
16,2521
16,668
16,834
16,477
17,1459
17,877
17,970
17,379
18,1208
18,2575
18,221
18,1749
19,3261
19,1357
19,364
19,3321
20,1514
20,3065
20,1801
20,1447
21,463
21,376
21,2174
21,3224
22,3170
22,3182
22,1408
22,2230
23,3304
23,1471
23,1207
23,2201
24,30
24,330
24,498
24,1401
25,2578
25,2350
25,1357
25,1106
26,1566
26,2069
26,1109
26,119
27,307
27,455
27,2620
27,2566
28,3087
28,3309
28,287
28,1281
29,424
29,61
29,369
29,2637
30,2257
30,3107
30,516
30,233
31,562
31,224
31,520
31,1310
32,756
32,1590
32,325
32,79
33,2060
33,1539
33,708
33,494
34,1820
34,2298
34,1385
34,3121
35,405
35,3085
35,1280
35,2835
36,230
36,561
36,63
36,174
37,3140
37,552
37,2264
37,1956
38,1378
38,849
38,1998
38,3099
39,1674
39,2582
39,925
39,2190
40,3108
40,1692
40,3249
40,988
41,351
41,722
41,2766
41,3208
42,296
42,3129
42,1454
42,3156
43,2500
43,3189
43,1146
43,1081
44,1766
44,453
44,1691
44,1310
45,1462
45,1674
45,1966
45,2981
46,1542
46,451
46,2556
46,2827
47,2546
47,2224
47,730
47,2872
48,1027
48,3057
48,713
48,636
142,1027
142,3057
142,713
142,636
49,1117
49,1309
49,2560
49,2774
50,191
50,1739
50,1816
50,3240
51,336
51,1749
51,1569
51,1575
52,25
52,2901
52,1152
52,76
53,1462
53,159
53,1906
53,2185
54,1616
54,1073
54,762
54,1234
55,2239
55,1454
55,411
55,1844
56,3136
56,1220
56,3226
56,2944
57,2902
57,1187
57,399
57,2049
58,1417
58,2861
58,3140
58,1448
59,3295
59,425
59,285
59,681
60,3100
60,2921
60,2823
60,2950
61,869
61,1496
61,2281
61,686
62,3120
62,2630
62,3317
62,2479
340,3120
340,2630
340,3317
340,2479
63,3261
63,2800
63,2440
63,2505
64,1977
64,2408
64,1716
64,1495
65,236
65,2948
65,2568
65,2687
66,445
66,1334
66,228
66,670
67,229
67,1195
67,1866
67,2841
68,2717
68,3323
68,1448
68,631
69,2298
69,2987
69,1387
69,1787
70,1448
70,3176
70,1601
70,994
71,2192
71,200
71,1494
71,2063
72,167
72,2526
72,480
72,1382
73,2228
73,2484
73,803
73,1654
74,1417
74,1306
74,2620
74,3265
75,3114
75,2351
75,362
75,3281
76,953
76,2396
76,1139
76,1293
77,1514
77,1101
77,632
77,3012
972,1514
972,1101
972,632
972,3012
78,2073
78,973
78,371
78,2038
79,309
79,1739
79,983
79,106
80,2108
80,1276
80,1561
80,1544
81,3306
81,2573
81,1259
81,1592
82,2142
82,55
82,1357
82,819
83,1946
83,1635
83,2108
83,2192
84,802
84,675
84,1008
84,750
85,2047
85,3300
85,1360
85,759
86,1876
86,3221
86,2090
86,3042
87,3108
87,1387
87,682
87,2059
88,1788
88,1921
88,1128
88,1898
89,3108
89,2976
89,927
89,988
90,756
90,2473
90,226
90,3049
91,887
91,2202
91,1602
91,1116
92,2220
92,1708
92,2567
92,2053
93,2633
93,3219
93,2165
93,2705
94,3141
94,526
94,2401
94,3323
95,2185
95,802
95,482
95,2351
96,3266
96,1397
96,2108
96,3228
97,2251
97,737
97,3013
97,1483
98,808
98,2846
98,609
98,819
99,1402
99,2458
99,3042
99,1455
100,908
100,1271
100,2473
100,2877
101,1793
101,2191
101,385
101,847
102,2788
102,1529
102,642
102,2450
103,1462
103,1674
103,1966
103,2571
104,1561
104,111
104,1685
104,570
105,567
105,1221
105,4
105,2251
106,1208
106,2794
106,149
106,735
107,1613
107,3199
107,2835
107,424
108,356
108,2300
108,1208
108,1779
109,3161
109,2954
109,2516
109,1432
110,1895
110,1955
110,1103
110,3177
111,343
111,316
111,1915
111,1607
112,2252
112,2161
112,1847
112,191
113,562
113,604
113,376
113,2583
114,3218
114,2294
114,1419
114,1652
115,1515
115,2326
115,331
115,659
116,1004
116,2850
116,2429
116,2068
117,31
117,3159
117,763
117,120
118,374
118,894
118,2213
118,3307
119,1838
119,2788
119,1182
119,1852
120,216
120,836
120,2049
120,781
121,3136
121,1456
121,2313
121,3201
122,882
122,1692
122,1550
122,2001
123,1884
123,728
123,1687
123,2447
124,561
124,2294
124,2638
124,1732
125,2239
125,746
125,3054
125,2196
126,719
126,564
126,494
126,3274
127,2185
127,718
127,1878
127,1879
128,2601
128,263
128,2777
128,1216
129,2829
129,3319
129,2940
129,2996
130,225
130,1755
130,1868
130,1686
131,1946
131,1663
131,941
131,1815
132,2876
132,1668
132,1438
132,647
133,3125
133,2918
133,3041
133,3017
134,10
134,928
134,429
134,1815
518,10
518,928
518,429
518,1815
135,1391
135,1545
135,1736
135,1486
136,2546
136,996
136,2689
136,1714
137,374
137,2108
137,1431
137,2462
138,2313
138,1306
138,2226
138,2529
139,1946
139,1766
139,350
139,1780
140,3309
140,241
140,1314
140,2606
141,1041
141,2351
141,499
141,2344
48,720
48,3256
48,2471
48,2101
142,720
142,3256
142,2471
142,2101
143,424
143,3269
143,369
143,2637
144,2574
144,68
144,881
144,2650
145,1696
145,1059
145,2622
145,318
146,3273
146,1049
146,3003
146,2564
147,2518
147,2544
147,3222
147,134
148,102
148,2797
148,1595
148,2624
149,936
149,1397
149,1456
149,2143
150,2452
150,972
150,2604
150,2401
151,203
151,1533
151,201
151,473
152,2703
152,2623
152,1539
152,2020
153,1041
153,1322
153,3217
153,3277
154,1793
154,2189
154,2742
154,195
155,2192
155,522
155,2290
155,1480
156,3107
156,1134
156,3279
156,2952
157,374
157,820
157,906
157,2356
158,91
158,2317
158,2631
158,399
159,1995
159,1640
159,2600
159,3121
160,2408
160,3198
160,841
160,1477
161,1074
161,2593
161,2190
161,2532
162,3090
162,1207
162,505
162,1507
163,2373
163,2311
163,3221
163,3285
164,2473
164,1009
164,1967
164,2147
165,91
165,2411
165,608
165,1004
166,2433
166,2011
166,2257
166,526
167,3144
167,3317
167,307
167,1333
168,3110
168,3032
168,278
168,2674
169,2351
169,374
169,1838
169,163
170,1928
170,2090
170,2750
170,2929
171,253
171,1623
171,2412
171,964
172,1140
172,1101
172,640
172,1988
173,958
173,554
173,494
173,543
174,1533
174,210
174,2868
174,3070
175,1529
175,2703
175,3314
175,1046
176,1022
176,2265
176,2855
176,2283
177,330
177,366
177,367
177,1782
178,482
178,2092
178,2729
178,564
179,1838
179,203
179,3101
179,3252
180,2822
180,1907
180,1442
180,2653
181,55
181,2703
181,3201
181,1633
182,1429
182,1101
182,2373
182,717
183,706
183,974
183,2784
183,991
184,2613
184,224
184,2401
184,1256
185,1419
185,1
185,2216
185,832
186,1886
186,3206
186,2317
186,1815
187,2839
187,974
187,1041
187,915
1022,2839
1022,974
1022,1041
1022,915
188,279
188,1244
188,331
188,2610
189,567
189,1738
189,1676
189,340
190,3219
190,2521
190,917
190,1600
191,3136
191,2411
191,3130
191,3038
192,30
192,2697
192,1330
192,256
193,2232
193,2460
193,545
193,1179
194,1529
194,2511
194,145
194,2382
195,1386
195,582
195,1946
195,1826
196,706
196,974
196,2784
196,2259
197,1967
197,2613
197,299
197,472
198,2192
198,2633
198,2861
198,3173
199,908
199,3216
199,1271
199,2473
200,1946
200,2176
200,1319
200,2139
201,463
201,360
201,111
201,613
202,1663
202,2899
202,1511
202,2006
203,374
203,1547
203,10
203,399
204,1350
204,727
204,2887
204,1421
205,1310
205,1272
205,173
205,865
206,974
206,691
206,2045
206,1671
1117,974
1117,691
1117,2045
1117,1671
207,1041
207,1211
207,561
207,2462
208,1193
208,1634
208,2228
208,1422
1737,1193
1737,1634
1737,2228
1737,1422
209,3140
209,2729
209,1102
209,2810
210,191
210,2932
210,334
210,1862
211,2861
211,2351
211,546
211,138
212,700
212,2518
212,606
212,2154
213,3108
213,2153
213,927
213,988
214,2704
214,554
214,2135
214,556
215,2265
215,1807
215,1661
215,2128
216,538
216,325
216,1283
216,2619
801,538
801,325
801,1283
801,2619
217,2243
217,2903
217,2409
217,379
218,1873
218,1275
218,1643
218,1671
1572,1873
1572,1275
1572,1643
1572,1671
219,3156
219,1422
219,1668
219,3292
220,1208
220,1749
220,2519
220,1606
221,1462
221,1674
221,1966
221,3292
222,1788
222,1921
222,479
222,1267
223,1403
223,557
223,3093
223,1457
224,699
224,149
224,2616
224,2058
225,1328
225,2510
225,465
225,2088
226,2152
226,2142
226,2705
226,1075
227,1884
227,3201
227,2819
227,338
228,2940
228,3151
228,1586
228,3211
229,2149
229,1583
229,300
229,641
230,289
230,2760
230,2392
230,3194
231,3140
231,2176
231,3150
231,890
232,1112
232,1367
232,2600
232,2794
233,1437
233,1576
233,1715
233,3003
234,1876
234,2717
234,345
234,2843
235,389
235,2806
235,3190
235,1256
236,55
236,2293
236,3016
236,2160
237,1208
237,2790
237,2888
237,893
238,677
238,1385
238,1458
238,945
239,2261
239,596
239,1927
239,658
240,3140
240,2253
240,764
240,370
241,2080
241,1292
241,1543
241,884
242,928
242,1478
242,1167
242,1810
243,1788
243,2274
243,99
243,3268
244,971
244,2044
244,1878
244,1048
245,3144
245,2139
245,221
245,2964
246,91
246,2239
246,622
246,863
247,2797
247,2125
247,2503
247,1199
248,1884
248,2510
248,2188
248,2668
249,1221
249,1709
249,1663
249,1903
250,672
250,301
250,416
250,1144
251,706
251,974
251,2784
251,2665
252,2728
252,2176
252,289
252,2984
253,1946
253,1462
253,2235
253,490
254,567
254,1264
254,2861
254,2251
255,3004
255,2794
255,1715
255,972
256,244
256,2926
256,2987
256,2803
257,1503
257,2757
257,2484
257,1105
258,2456
258,1791
258,2107
258,1609
491,2456
491,1791
491,2107
491,1609
1255,2456
1255,1791
1255,2107
1255,1609
259,631
259,390
259,1825
259,2494
260,1462
260,1674
260,1966
260,3292
261,1264
261,1350
261,3228
261,2227
262,882
262,682
262,2612
262,840
263,3133
263,203
263,1820
263,2787
264,1236
264,140
264,2283
264,821
265,326
265,358
265,816
265,1818
266,1414
266,131
266,3268
266,2510
267,1946
267,960
267,2135
267,299
268,706
268,2784
268,974
268,2666
269,374
269,982
269,2473
269,1711
270,2902
270,1351
270,1187
270,2081
271,567
271,3141
271,200
271,1101
272,289
272,104
272,1308
272,779
273,3120
273,234
273,2285
273,136
274,703
274,121
274,377
274,492
275,2122
275,3163
275,1318
275,1132
276,1419
276,1521
276,2935
276,623
277,2422
277,1518
277,729
277,1376
278,1514
278,1766
278,3153
278,1141
279,1140
279,1938
279,775
279,835
280,1420
280,1455
280,971
280,877
281,1372
281,1512
281,337
281,1266
282,3216
282,2081
282,1988
282,2891
283,302
283,2340
283,2427
283,1519
284,3136
284,3114
284,1806
284,3201
285,1566
285,2717
285,921
285,1699
286,1238
286,1930
286,2144
286,1568
287,534
287,573
287,59
287,985
288,1423
288,1156
288,2179
288,1809
289,699
289,1009
289,1693
289,1448
290,631
290,2604
290,1492
290,2452
291,2607
291,1923
291,2877
291,786
292,3136
292,2760
292,2668
292,3251
293,3172
293,2434
293,1943
293,2342
294,1494
294,2562
294,414
294,355
1777,1494
1777,2562
1777,414
1777,355
295,77
295,1955
295,1623
295,3206
296,1616
296,1120
296,2473
296,1793
297,2867
297,407
297,57
297,1316
298,3140
298,2116
298,2598
298,1583
299,2940
299,2249
299,476
299,2529
300,1744
300,924
300,3312
300,1917
301,351
301,1068
301,2127
301,3232
302,2703
302,603
302,1560
302,1608
303,13
303,2600
303,1780
303,313
304,3228
304,972
304,2440
304,430
305,236
305,1990
305,891
305,2716
306,2794
306,972
306,2765
306,1306
307,1514
307,876
307,1911
307,2426
308,1717
308,599
308,904
308,2667
309,442
309,2177
309,2615
309,2508
310,2703
310,1533
310,664
310,66
311,2886
311,1461
311,1692
311,2720
312,2327
312,2658
312,193
312,1983
313,3159
313,2318
313,1079
313,88
314,1529
314,140
314,2861
314,2753
315,2703
315,55
315,1539
315,1214
316,1946
316,3140
316,603
316,2152
317,1319
317,2923
317,723
317,2862
318,699
318,554
318,149
318,1387
319,2257
319,2480
319,1742
319,753
320,649
320,50
320,1965
320,748
321,2176
321,1402
321,289
321,558
322,124
322,1912
322,504
322,3227
323,2454
323,1959
323,878
323,73
324,2240
324,2913
324,1901
324,980
325,3218
325,2532
325,2294
325,1652
326,304
326,1310
326,2704
326,1443
327,365
327,74
327,642
327,596
328,1820
328,2541
328,3268
328,1693
329,304
329,1877
329,1625
329,1777
330,273
330,800
330,3036
330,2635
331,1350
331,200
331,1698
331,2449
332,802
332,2156
332,544
332,756
333,2176
333,567
333,1623
333,448
334,2526
334,1064
334,500
334,2813
335,2930
335,1613
335,1830
335,2993
336,2901
336,3089
336,1766
336,1345
337,1851
337,2455
337,521
337,2008
338,1967
338,2077
338,1026
338,1937
339,3261
339,1386
339,1298
339,2618
62,1888
62,3234
62,1053
62,1945
340,1888
340,3234
340,1053
340,1945
341,1386
341,3156
341,1731
341,62
342,2664
342,1707
342,1401
342,1913
343,2401
343,2408
343,261
343,303
344,1876
344,2062
344,2165
344,3214
345,554
345,149
345,39
345,2305
346,2363
346,1910
346,1738
346,1434
347,2794
347,463
347,429
347,66
348,691
348,2137
348,2502
348,2331
349,908
349,1271
349,3216
349,2473
350,1656
350,54
350,1313
350,2322
351,2252
351,1635
351,598
351,334
352,336
352,682
352,2940
352,1201
353,2800
353,356
353,2562
353,2138
354,972
354,973
354,1543
354,2533
355,706
355,974
355,2784
355,337
356,1884
356,1160
356,728
356,1710
357,1800
357,2544
357,1816
357,2957
358,671
358,3062
358,1207
358,772
359,876
359,2160
359,2249
359,1941
360,55
360,2703
360,2705
360,819
361,424
361,2314
361,1101
361,1270
362,3286
362,2392
362,3015
362,1728
363,866
363,69
363,2578
363,2425
364,374
364,173
364,21
364,3219
365,1182
365,479
365,1538
365,2130
366,2829
366,3319
366,2940
366,2294
367,465
367,421
367,540
367,461
368,25
368,231
368,543
368,2416
369,2797
369,3060
369,2071
369,1584
370,3047
370,1637
370,3021
370,192
371,2006
371,223
371,622
371,3293
372,662
372,1921
372,1261
372,2007
373,2279
373,2025
373,1009
373,186
374,255
374,1532
374,3141
374,2283
375,2800
375,2350
375,3042
375,879
376,2257
376,1771
376,347
376,724
377,3199
377,745
377,731
377,2269
378,3100
378,224
378,2182
378,815
379,2833
379,21
379,2134
379,1237
380,2146
380,1271
380,2652
380,171
381,3057
381,2440
381,1392
381,1829
382,2508
382,1788
382,1096
382,2017
383,699
383,1422
383,2364
383,1693
384,1135
384,341
384,1736
384,2194
385,2835
385,1884
385,1461
385,3242
386,1791
386,1100
386,3283
386,707
387,1696
387,2102
387,2159
387,2033
388,2108
388,2768
388,2161
388,1731
389,2063
389,1793
389,2351
389,1231
390,1946
390,463
390,1542
390,3123
391,1090
391,3213
391,2781
391,88
392,1838
392,1079
392,532
392,2988
393,951
393,2817
393,1394
393,508
394,2800
394,1532
394,3046
394,1970
395,2728
395,2721
395,1004
395,1669
396,706
396,974
396,2784
396,390
397,1214
397,1126
397,1726
397,2587
398,3143
398,2835
398,405
398,1556
399,2788
399,876
399,1456
399,599
400,107
400,833
400,2479
400,2963
401,556
401,2373
401,567
401,3083
402,1412
402,3258
402,2192
402,2754
403,958
403,1668
403,309
403,1623
404,2664
404,821
404,2464
404,993
405,3094
405,2099
405,1923
405,154
406,1208
406,1761
406,1787
406,139
407,3309
407,2138
407,241
407,1314
408,2975
408,1505
408,1887
408,2727
409,940
409,2694
409,227
409,49
410,1474
410,839
410,2221
410,1058
1437,1474
1437,839
1437,2221
1437,1058
411,636
411,563
411,1159
411,137
412,2483
412,370
412,2527
412,1904
413,3149
413,1028
413,1140
413,2333
414,527
414,2984
414,2979
414,2927
415,2311
415,1873
415,1777
415,1424
416,2839
416,1924
416,3179
416,2031
417,936
417,2208
417,1987
417,1930
418,1030
418,3275
418,2552
418,2705
419,341
419,1344
419,1037
419,2967
420,652
420,2225
420,1454
420,1399
421,567
421,2108
421,1566
421,77
422,2415
422,1231
422,2398
422,535
423,562
423,3218
423,376
423,3319
424,236
424,1990
424,2249
424,2534
425,2794
425,376
425,1012
425,657
426,1377
426,2078
426,1473
426,1948
427,1884
427,3259
427,1797
427,2672
428,2565
428,2359
428,690
428,2752
1401,2565
1401,2359
1401,690
1401,2752
429,3123
429,1865
429,3268
429,1365
430,2176
430,1494
430,1877
430,1764
431,1264
431,2297
431,3304
431,3317
432,1599
432,2070
432,801
432,3175
433,1462
433,1422
433,876
433,2293
434,2176
434,1184
434,1691
434,490
435,2837
435,339
435,2554
435,2547
436,706
436,974
436,2784
436,2259
437,2030
437,3311
437,2900
437,680
438,735
438,1643
438,290
438,2417
439,288
439,2993
439,497
439,2866
440,2220
440,2971
440,2504
440,176
441,2255
441,2912
441,1127
441,1435
442,3305
442,376
442,1733
442,877
443,3140
443,255
443,2454
443,1233
444,965
444,409
444,1852
444,2218
445,2010
445,1835
445,3005
445,382
446,833
446,2600
446,337
446,2051
447,1946
447,3141
447,3263
447,833
448,625
448,2273
448,478
448,3037
449,1310
449,429
449,865
449,173
450,2139
450,1715
450,438
450,2042
451,1788
451,479
451,3297
451,1643
452,374
452,210
452,610
452,1354
453,869
453,1786
453,3263
453,3091
454,221
454,2814
454,1213
454,1041
455,1995
455,547
455,1133
455,1324
456,1319
456,2027
456,2248
456,2548
457,567
457,2251
457,1815
457,1967
458,1953
458,1561
458,1277
458,1778
459,2728
459,1865
459,370
459,1644
460,389
460,2604
460,1578
460,237
735,389
735,2604
735,1578
735,237
461,1208
461,2881
461,112
461,793
462,703
462,1799
462,381
462,2288
463,30
463,1702
463,1275
463,2236
464,289
464,574
464,1366
464,494
465,2613
465,1023
465,2172
465,39
466,2642
466,632
466,1263
466,1110
467,783
467,1130
467,704
467,632
468,2185
468,1474
468,1363
468,3256
475,2185
475,1474
475,1363
475,3256
469,2176
469,25
469,1532
469,1206
470,2837
470,504
470,706
470,668
471,206
471,2606
471,230
471,739
1350,206
1350,2606
1350,230
1350,739
472,894
472,891
472,325
472,1463
473,39
473,3095
473,1057
473,952
474,3018
474,1789
474,45
474,1147
468,844
468,326
468,2899
468,542
475,844
475,326
475,2899
475,542
476,1038
476,280
476,2136
476,3141
477,2086
477,2503
477,2246
477,3244
478,2985
478,2169
478,1590
478,2204
479,1489
479,161
479,1739
479,2753
480,191
480,1739
480,3321
480,598
481,161
481,2829
481,2044
481,3075
482,1140
482,978
482,2510
482,2329
483,2703
483,1380
483,926
483,3183
484,2220
484,3242
484,2118
484,503
485,1350
485,1451
485,2164
485,1254
486,1163
486,3233
486,2170
486,1444
487,1557
487,2060
487,1427
487,1089
488,411
488,1736
488,80
488,1700
489,3261
489,2139
489,805
489,1012
490,950
490,2399
490,912
490,3118
1464,950
1464,2399
1464,912
1464,3118
258,2296
258,2161
258,1893
258,1783
491,2296
491,2161
491,1893
491,1783
1255,2296
1255,2161
1255,1893
1255,1783
492,347
492,2501
492,1763
492,1049
493,1419
493,374
493,2994
493,3227
494,289
494,1236
494,140
494,1489
495,323
495,1248
495,1277
495,3246
496,373
496,2023
496,2512
496,1270
497,2742
497,3100
497,2861
497,3046
498,2717
498,3268
498,3203
498,2009
499,2192
499,2633
499,2898
499,2861
500,2704
500,556
500,2135
500,554
501,699
501,2753
501,599
501,2984
502,374
502,2927
502,2010
502,2278
503,3138
503,1185
503,3137
503,888
504,2297
504,1082
504,2518
504,1688
505,2408
505,2538
505,3105
505,2910
506,224
506,2614
506,1762
506,1712
507,685
507,1873
507,1370
507,1036
508,1018
508,1967
508,2373
508,1352
509,2523
509,1991
509,1598
509,755
510,3257
510,2690
510,647
510,1484
511,3039
511,1732
511,298
511,2376
512,567
512,3004
512,2794
512,374
513,718
513,2645
513,2095
513,949
514,2373
514,1461
514,3083
514,308
515,3068
515,2400
515,3199
515,1450
516,570
516,2496
516,799
516,3201
517,394
517,950
517,2470
517,2271
134,2185
134,1429
134,2113
134,1196
518,2185
518,1429
518,2113
518,1196
519,625
519,2961
519,541
519,335
520,866
520,3304
520,92
520,2585
521,1419
521,249
521,482
521,1263
522,1350
522,2373
522,3123
522,2826
523,2302
523,626
523,424
523,1491
524,3136
524,1236
524,3226
524,2944
525,132
525,673
525,696
525,3022
526,2578
526,2877
526,1303
526,1026
527,1091
527,561
527,2729
527,2035
528,2193
528,2590
528,3222
528,20
529,2800
529,1668
529,2350
529,1710
530,424
530,1474
530,2835
530,1167
531,1350
531,2704
531,2135
531,208
532,1690
532,1961
532,448
532,1385
533,3084
533,307
533,1372
533,768
534,2047
534,2209
534,778
534,3080
535,1566
535,25
535,1909
535,3171
536,2353
536,2938
536,1032
536,1754
537,2265
537,718
537,2293
537,603
538,336
538,2861
538,1151
538,188
539,200
539,2235
539,36
539,958
540,2215
540,752
540,1189
540,1398
541,632
541,3058
541,2835
541,2251
542,1616
542,3285
542,823
542,213
543,1823
543,68
543,2437
543,2623
544,1214
544,3115
544,2269
544,560
545,2419
545,2115
545,2378
545,130
546,554
546,1382
546,3107
546,876
547,3089
547,1758
547,2361
547,2410
548,2704
548,1184
548,3078
548,1437
549,1208
549,490
549,2927
549,1749
550,2257
550,463
550,1356
550,2041
551,2861
551,1476
551,2056
551,857
552,2794
552,554
552,149
552,343
553,261
553,2838
553,3261
553,1252
554,1236
554,289
554,1091
554,140
555,900
555,3110
555,2071
555,596
556,490
556,2753
556,2848
556,1886
557,3156
557,3266
557,1989
557,3222
558,1101
558,3285
558,210
558,1788
559,866
559,1831
559,1765
559,1588
560,2287
560,2569
560,2046
560,278
561,1109
561,2671
561,173
561,2814
562,1126
562,374
562,1707
562,2176
563,474
563,2530
563,1037
563,2212
564,1018
564,743
564,1174
564,437
565,1459
565,2135
565,1698
565,171
566,1565
566,1760
566,1477
566,402
567,3136
567,958
567,338
567,390
568,70
568,1107
568,2265
568,204
569,3140
569,3108
569,843
569,1517
570,2530
570,1015
570,2255
570,2293
571,1734
571,277
571,369
571,1375
572,2788
572,2794
572,175
572,2174
573,144
573,334
573,1960
573,2323
574,605
574,1347
574,554
574,984
575,483
575,2016
575,766
575,2348
576,607
576,2364
576,589
576,81
577,307
577,928
577,542
577,308
578,955
578,1689
578,2343
578,122
579,2216
579,128
579,21
579,1619
580,562
580,430
580,1907
580,2822
581,2800
581,146
581,188
581,557
582,1984
582,1145
582,3160
582,2699
583,191
583,1739
583,2594
583,1359
584,2081
584,2364
584,3184
584,83
585,1221
585,2128
585,2781
585,2907
586,3116
586,2702
586,462
586,3052
587,1788
587,1194
587,1272
587,1921
588,1289
588,2902
588,2443
588,2004
589,2306
589,882
589,453
589,1591
590,1419
590,353
590,2611
590,623
591,2758
591,582
591,1456
591,2081
592,504
592,128
592,2668
592,1241
593,562
593,430
593,3190
593,1698
594,1616
594,1946
594,1726
594,2165
595,490
595,2436
595,2423
595,2970
596,2899
596,2850
596,2339
596,909
597,1091
597,1385
597,103
597,1520
598,413
598,585
598,1942
598,3271
599,210
599,2743
599,1234
599,1646
600,760
600,1882
600,531
600,1552
601,567
601,140
601,376
601,1462
602,1477
602,2800
602,2623
602,1664
603,895
603,594
603,818
603,406
604,2393
604,652
604,740
604,2953
639,2393
639,652
639,740
639,2953
605,1415
605,648
605,823
605,275
606,3009
606,819
606,1576
606,877
607,865
607,2728
607,1707
607,363
608,1310
608,173
608,1327
608,865
609,738
609,874
609,612
609,3185
610,2704
610,554
610,2861
610,1478
611,2901
611,301
611,1683
611,2614
612,424
612,1191
612,3159
612,2463
613,3136
613,1633
613,975
613,1237
614,376
614,1462
614,2703
614,1326
615,2703
615,2912
615,1539
615,1380
616,883
616,1691
616,1022
616,687
617,1739
617,128
617,607
617,2462
618,2775
618,2722
618,2660
618,2021
619,524
619,3134
619,3268
619,1797
620,289
620,149
620,3179
620,1164
621,1264
621,2788
621,200
621,128
622,2139
622,1234
622,3115
622,2253
1150,2139
1150,1234
1150,3115
1150,2253
623,3004
623,2201
623,1314
623,2439
624,1613
624,1751
624,281
624,1659
625,735
625,933
625,150
625,2468
626,210
626,2452
626,2131
626,2463
627,3308
627,2700
627,2592
627,3015
628,1192
628,298
628,2694
628,1785
629,2010
629,974
629,1022
629,2530
630,1268
630,1284
630,2522
630,617
631,129
631,2109
631,2355
631,2601
632,2578
632,1194
632,2760
632,3128
633,149
633,1980
633,1716
633,3192
634,1986
634,2572
634,1955
634,2641
635,1489
635,640
635,2135
635,3292
636,2395
636,1564
636,2026
636,905
637,567
637,1210
637,2943
637,3119
638,2220
638,720
638,1096
638,2334
604,2393
604,652
604,740
604,2225
639,2393
639,652
639,740
639,2225
640,842
640,182
640,517
640,3215
641,1539
641,2126
641,2615
641,2335
642,307
642,1793
642,2189
642,118
643,1241
643,861
643,2549
643,787
644,1667
644,1246
644,1840
644,867
645,2045
645,2452
645,1503
645,1617
646,2609
646,238
646,2710
646,2828
647,950
647,3219
647,492
647,2099
648,3266
648,339
648,1442
648,2164
649,2927
649,2216
649,1670
649,3196
650,802
650,1004
650,2868
650,3134
651,3261
651,1556
651,2165
651,2668
652,1788
652,2015
652,149
652,3
653,519
653,609
653,2939
653,1271
654,968
654,1321
654,2187
654,1546
655,1673
655,1018
655,3150
655,982
656,343
656,1780
656,3162
656,576
657,206
657,1623
657,1628
657,901
658,3120
658,3066
658,2136
658,1817
659,2373
659,1691
659,626
659,1707
660,538
660,325
660,2619
660,1003
661,742
661,1456
661,3126
661,2924
662,1386
662,3121
662,1168
662,2597
663,3218
663,2532
663,2294
663,1652
664,600
664,2107
664,1114
664,2142
665,236
665,464
665,1837
665,946
666,1707
666,802
666,2826
666,1582
667,1793
667,1372
667,385
667,2839
668,1208
668,3156
668,2894
668,1715
669,1784
669,1676
669,501
669,1484
670,1462
670,562
670,2284
670,1921
671,2139
671,210
671,1670
671,1908
672,336
672,153
672,553
672,3000
673,67
673,71
673,886
673,1822
674,866
674,1750
674,1831
674,1310
675,1918
675,760
675,942
675,2852
676,1263
676,1707
676,2673
676,2647
677,1264
677,2507
677,669
677,372
678,1613
678,2459
678,3019
678,1439
679,2185
679,62
679,2241
679,1446
680,274
680,2797
680,2071
680,1821
681,544
681,2691
681,1006
681,1046
682,306
682,1263
682,1262
682,2811
683,2265
683,1319
683,1852
683,2724
684,2408
684,2215
684,154
684,798
685,2960
685,3316
685,1017
685,550
686,121
686,3230
686,2751
686,135
687,882
687,1632
687,1549
687,1005
688,2192
688,2837
688,2835
688,1838
689,1034
689,826
689,63
689,850
690,3040
690,3051
690,439
690,464
691,2139
691,2311
691,2898
691,1545
692,1865
692,1673
692,1380
692,1776
693,1018
693,2630
693,1889
693,623
694,1464
694,3219
694,3222
694,638
695,1894
695,376
695,2819
695,1169
696,2411
696,1264
696,2920
696,880
697,801
697,1350
697,978
697,734
698,2220
698,1526
698,1265
698,3002
699,2220
699,1171
699,2110
699,769
700,1372
700,224
700,1192
700,1500
701,2510
701,3206
701,2747
701,1972
702,3261
702,2139
702,2220
702,1591
703,252
703,866
703,2597
703,3074
704,2604
704,2139
704,2839
704,3032
705,171
705,3292
705,3015
705,1752
706,374
706,490
706,3107
706,1706
707,1350
707,3297
707,901
707,1093
708,2703
708,532
708,1974
708,1054
709,1946
709,609
709,1590
709,1200
710,2613
710,1108
710,2647
710,1207
711,520
711,1812
711,1760
711,39
712,1018
712,1019
712,1649
712,1835
713,482
713,1935
713,720
713,1813
714,214
714,1393
714,3207
714,1572
715,236
715,2912
715,2260
715,2602
716,1130
716,2383
716,5
716,1596
717,405
717,2835
717,301
717,1691
718,1766
718,2613
718,427
718,1433
719,140
719,1350
719,2283
719,10
720,1517
720,859
720,2445
720,2431
721,1264
721,70
721,1298
721,561
722,1149
722,1402
722,1276
722,1470
723,3141
723,2297
723,2691
723,2869
724,1892
724,2762
724,2483
724,3105
725,2747
725,1455
725,758
725,52
726,374
726,2330
726,712
726,1356
727,502
727,2245
727,2050
727,694
728,1123
728,815
728,275
728,2661
729,424
729,343
729,289
729,2005
730,2050
730,3287
730,910
730,3112
731,3191
731,2453
731,301
731,1940
732,1766
732,1456
732,2510
732,1328
733,1967
733,2432
733,1975
733,1311
734,1262
734,2811
734,1723
734,1512
460,3136
460,2958
460,195
460,2788
735,3136
735,2958
735,195
735,2788
736,3190
736,2510
736,2763
736,2949
737,1709
737,2885
737,1826
737,1076
738,2944
738,2402
738,2146
738,337
739,2177
739,427
739,3199
739,2950
740,656
740,2835
740,1253
740,1410
741,1514
741,453
741,2561
741,2555
742,616
742,3236
742,3099
742,272
743,1946
743,453
743,700
743,1512
744,1921
744,2822
744,1775
744,1546
745,2708
745,1721
745,1954
745,1748
746,299
746,1205
746,1388
746,3071
747,1049
747,3292
747,2825
747,449
748,3310
748,2981
748,1838
748,2517
749,1957
749,2050
749,694
749,3287
750,562
750,3302
750,1306
750,323
751,2616
751,2034
751,1183
751,298
752,2604
752,2600
752,77
752,218
753,801
753,1515
753,2916
753,927
754,695
754,85
754,2245
754,2266
755,1663
755,424
755,958
755,2518
756,236
756,1387
756,3132
756,338
757,918
757,1888
757,1146
757,1157
758,1823
758,2381
758,1479
758,536
759,1464
759,2039
759,2468
759,1662
760,1967
760,3206
760,2510
760,1639
761,2937
761,1697
761,569
761,3034
762,802
762,603
762,675
762,2607
763,643
763,1239
763,2298
763,1109
764,2363
764,1310
764,39
764,3095
765,1194
765,2510
765,1554
765,523
766,802
766,2616
766,1397
766,549
767,3136
767,1435
767,1114
767,1188
768,1982
768,128
768,2235
768,534
769,625
769,1114
769,2351
769,2666
770,3140
770,930
770,2714
770,1582
771,106
771,2977
771,409
771,2530
772,1788
772,2649
772,1272
772,2779
773,3003
773,2946
773,1447
773,157
774,327
774,831
774,2928
774,2815
775,389
775,3003
775,30
775,555
776,1350
776,2640
776,338
776,2691
777,2585
777,2820
777,667
777,2956
778,2800
778,188
778,1570
778,1736
779,1703
779,1496
779,1245
779,870
780,3136
780,860
780,3087
780,3226
781,2837
781,2800
781,2165
781,656
782,487
782,796
782,829
782,1349
783,3320
783,1819
783,2625
783,2919
784,1267
784,2373
784,2783
784,2999
785,3304
785,2788
785,1353
785,1885
786,66
786,937
786,90
786,3268
787,25
787,1176
787,841
787,2072
788,1004
788,1720
788,156
788,1197
789,304
789,465
789,2679
789,824
790,2104
790,1378
790,1059
790,1665
791,2302
791,2703
791,1999
791,528
792,561
792,296
792,1437
792,1144
793,695
793,459
793,626
793,2680
794,2507
794,1264
794,1271
794,1026
795,1926
795,2424
795,1746
795,329
796,191
796,411
796,2632
796,185
797,91
797,2756
797,571
797,582
798,802
798,2538
798,247
798,2475
799,1365
799,171
799,1077
799,1752
800,828
800,3288
800,245
800,53
216,877
216,574
216,2954
216,2982
801,877
801,574
801,2954
801,2982
802,1321
802,2336
802,833
802,1094
803,869
803,1786
803,3091
803,1143
804,2664
804,1911
804,894
804,1593
805,209
805,1090
805,310
805,65
806,1542
806,2882
806,1340
806,651
807,1023
807,3145
807,919
807,2773
808,2886
808,3114
808,1827
808,978
809,292
809,913
809,1441
809,1072
810,2242
810,1616
810,1234
810,200
811,802
811,2788
811,542
811,1668
812,2343
812,213
812,1735
812,2282
813,1503
813,2691
813,1471
813,2047
814,3266
814,2108
814,2737
814,37
815,1616
815,1120
815,1422
815,2473
816,1224
816,1616
816,2706
816,1609
817,3141
817,959
817,3058
817,2514
1009,3141
1009,959
1009,3058
1009,2514
818,273
818,1070
818,324
818,929
819,959
819,2591
819,1020
819,403
820,802
820,3262
820,3290
820,2795
821,2171
821,2066
821,1004
821,1473
822,554
822,1267
822,2835
822,1220
823,1319
823,534
823,3032
823,2293
824,2363
824,1018
824,3144
824,2438
825,405
825,1337
825,2879
825,3249
826,910
826,2448
826,1204
826,69
827,1101
827,1823
827,171
827,1870
828,1827
828,2393
828,2177
828,796
829,1065
829,306
829,40
829,1000
830,1788
830,55
830,526
830,1446
831,825
831,706
831,1986
831,2651
832,2881
832,70
832,2868
832,2822
833,188
833,1621
833,2143
833,468
834,376
834,490
834,3159
834,3268
835,1982
835,490
835,2671
835,1234
1361,1982
1361,490
1361,2671
1361,1234
836,2532
836,3196
836,628
836,1012
837,24
837,2578
837,935
837,2422
838,1091
838,561
838,1877
838,2538
839,2811
839,2440
839,2283
839,856
840,2235
840,2578
840,128
840,2984
841,1271
841,2146
841,2652
841,1814
842,1423
842,1140
842,598
842,654
843,1715
843,626
843,542
843,2251
844,631
844,390
844,606
844,920
845,2190
845,1074
845,2847
845,1988
846,882
846,1692
846,1740
846,2752
847,1884
847,1377
847,1425
847,3235
848,413
848,482
848,1932
848,152
849,1990
849,236
849,2062
849,2367
850,556
850,3143
850,490
850,2135
851,3306
851,2573
851,1258
851,3169
852,1140
852,2304
852,3165
852,3301
853,2135
853,2265
853,2600
853,1969
854,1218
854,2373
854,1018
854,2835
855,1126
855,2235
855,336
855,1417
856,1514
856,1440
856,1916
856,2307
857,30
857,1760
857,603
857,757
858,424
858,1736
858,3118
858,2079
859,1462
859,1542
859,2197
859,528
860,2080
860,1911
860,1780
860,42
861,542
861,2267
861,2257
861,374
862,3108
862,2940
862,61
862,3170
863,341
863,3144
863,266
863,956
864,2220
864,1221
864,1546
864,1409
865,2508
865,442
865,1927
865,524
866,1350
866,2630
866,2800
866,1250
867,2550
867,200
867,2126
867,1013
868,700
868,2067
868,2789
868,989
869,889
869,1651
869,1605
869,599
870,1042
870,1789
870,1262
870,178
871,3144
871,2265
871,2704
871,2126
872,1616
872,2473
872,1793
872,1312
873,625
873,286
873,586
873,43
874,959
874,3204
874,11
874,1451
875,2083
875,1792
875,2457
875,1971
876,2245
876,3083
876,1645
876,3290
877,561
877,3310
877,2944
877,1944
878,2121
878,897
878,117
878,2513
879,2739
879,471
879,3172
879,2055
880,607
880,2763
880,554
880,623
881,2839
881,2526
881,8
881,1650
882,819
882,1389
882,458
882,2165
883,1707
883,67
883,744
883,776
884,1873
884,1275
884,1671
884,1643
885,2578
885,2971
885,2701
885,796
886,96
886,1536
886,726
886,143
887,2633
887,2047
887,2896
887,2186
888,1884
888,1807
888,2244
888,714
889,2788
889,711
889,93
889,1056
890,1404
890,172
890,3097
890,2148
891,2135
891,200
891,3114
891,339
892,210
892,2189
892,1530
892,2472
893,1126
893,407
893,1266
893,2610
894,1310
894,2310
894,1524
894,29
895,2717
895,313
895,1461
895,434
896,972
896,124
896,2540
896,683
897,1350
897,1221
897,2297
897,2619
898,3266
898,2232
898,2362
898,2158
1392,3266
1392,2232
1392,2362
1392,2158
899,3141
899,2404
899,1542
899,1465
900,195
900,2064
900,1133
900,2301
901,187
901,2060
901,682
901,1387
902,2508
902,1460
902,1485
902,666
903,3009
903,2071
903,2711
903,211
904,3261
904,1556
904,2804
904,1098
905,699
905,582
905,2058
905,2613
906,1208
906,2877
906,198
906,2499
907,3119
907,2577
907,2372
907,293
908,2615
908,2493
908,911
908,2150
1745,2615
1745,2493
1745,911
1745,2150
909,538
909,325
909,693
909,1411
910,1223
910,1687
910,419
910,1615
911,2857
911,1231
911,2045
911,607
912,309
912,39
912,3107
912,2058
913,2297
913,1256
913,168
913,3131
914,1565
914,767
914,1854
914,791
915,2788
915,490
915,2191
915,2208
916,2717
916,954
916,447
916,2338
917,2932
917,2465
917,2810
917,1707
918,879
918,2510
918,3292
918,2045
919,3268
919,527
919,3020
920,3285
920,173
920,619
920,409
921,2139
921,3063
921,950
921,296
922,3253
922,2993
922,1871
922,2357
923,2143
923,2917
923,440
923,2084
924,2914
924,2371
924,84
924,2858
925,3218
925,2532
925,866
925,1419
926,2220
926,423
926,2280
926,2207
927,236
927,1363
927,2208
927,2836
1639,236
1639,1363
1639,2208
1639,2836
928,2487
928,684
928,1958
928,701
929,1629
929,898
929,1627
929,9
930,289
930,2631
930,1628
930,1478
931,1014
931,1253
931,2418
931,3204
932,2861
932,1041
932,756
932,2604
933,1674
933,194
933,3321
933,2716
934,526
934,578
934,420
934,1933
935,1756
935,2461
935,1938
935,2605
936,3292
936,1743
936,2175
936,999
937,1628
937,446
937,2776
937,262
938,2871
938,1336
938,2296
938,3181
939,289
939,191
939,1306
939,1623
940,2381
940,1148
940,542
940,63
941,2842
941,1436
941,162
941,702
942,3141
942,3292
942,2297
942,2364
943,2586
943,1891
943,3117
943,1143
944,348
944,1576
944,2162
944,3003
945,2265
945,3305
945,894
945,157
946,534
946,990
946,2819
946,1002
947,2255
947,786
947,2886
947,1374
948,2061
948,1026
948,2074
948,827
949,2251
949,2925
949,2315
949,1701
950,556
950,210
950,2373
950,3143
951,30
951,1455
951,415
951,2411
952,2974
952,558
952,3237
952,748
953,3058
953,2094
953,2312
953,2678
954,64
954,644
954,2886
954,3152
955,2656
955,2259
955,1231
955,60
956,2215
956,1565
956,596
956,1811
957,1357
957,1780
957,2663
957,1051
958,2835
958,2510
958,1826
958,2744
959,2091
959,3309
959,848
959,2748
960,2578
960,1646
960,2298
960,3077
961,1319
961,1030
961,1587
961,2543
962,1717
962,824
962,774
962,1158
963,792
963,3047
963,1637
963,368
964,1622
964,3026
964,2024
964,2991
965,2728
965,2810
965,2578
965,1212
966,348
966,2215
966,475
966,428
967,1275
967,1330
967,30
967,2805
968,2847
968,2798
968,2633
968,2896
969,1437
969,1094
969,2462
969,417
970,2517
970,801
970,518
970,2030
971,2255
971,309
971,495
971,1338
77,2636
77,1116
77,1774
77,3082
972,2636
972,1116
972,1774
972,3082
973,3136
973,631
973,2832
973,2208
974,289
974,1091
974,1414
974,1022
975,544
975,3107
975,853
975,2087
976,1049
976,772
976,1993
976,1104
977,1490
977,1503
977,3159
977,773
978,3039
978,1672
978,2098
978,312
979,2192
979,3191
979,1335
979,2826
980,593
980,2881
980,613
980,2772
981,289
981,1760
981,1673
981,3278
982,1646
982,1856
982,2703
982,1770
983,1293
983,1888
983,799
983,1907
984,2521
984,3092
984,3234
984,2838
985,2703
985,1827
985,374
985,1415
986,1545
986,1915
986,615
986,2449
987,1350
987,2363
987,551
987,1687
988,25
988,2861
988,1704
988,264
989,3216
989,526
989,1870
989,2705
990,3136
990,675
990,3114
990,2328
991,2825
991,2096
991,261
991,655
992,2675
992,1035
992,1881
992,872
993,485
993,2297
993,1886
993,2031
994,1208
994,2467
994,460
994,691
995,376
995,2939
995,1887
995,629
996,794
996,1590
996,2627
996,1161
997,210
997,1715
997,1101
997,2623
998,914
998,1479
998,976
998,809
1102,914
1102,1479
1102,976
1102,809
999,2411
999,1018
999,1590
999,1512
1000,1875
1000,556
1000,190
1000,1044
1001,1565
1001,2835
1001,2163
1001,3170
1002,1407
1002,813
1002,2403
1002,1419
1003,675
1003,3077
1003,1585
1003,1466
1004,1004
1004,1724
1004,1373
1004,1071
1005,68
1005,3292
1005,951
1005,844
1006,2428
1006,276
1006,3053
1006,1136
1007,2611
1007,1671
1007,574
1007,3072
1008,1829
1008,2164
1008,1167
1008,2735
817,3136
817,2241
817,3110
817,741
1009,3136
1009,2241
1009,3110
1009,741
1010,3282
1010,1122
1010,2692
1010,3322
1011,941
1011,2252
1011,1459
1011,1402
1012,391
1012,1437
1012,2235
1012,3067
1013,1850
1013,2106
1013,2713
1013,354
1014,841
1014,2837
1014,3087
1014,1753
1343,841
1343,2837
1343,3087
1343,1753
1015,3266
1015,104
1015,525
1015,2809
1016,307
1016,1865
1016,1490
1016,1870
1017,3123
1017,1865
1017,100
1017,1365
1018,3313
1018,183
1018,677
1018,420
1019,376
1019,189
1019,11
1019,2703
1020,161
1020,972
1020,2647
1020,1288
1021,2011
1021,2223
1021,3006
1021,12
187,3032
187,3285
187,1865
187,609
1022,3032
1022,3285
1022,1865
1022,609
1023,1419
1023,1255
1023,1673
1023,2730
1024,3109
1024,3284
1024,613
1024,725
1025,1565
1025,2693
1025,655
1025,615
1026,3218
1026,2532
1026,866
1026,1652
1027,30
1027,170
1027,1936
1027,3032
1028,3004
1028,3159
1028,1170
1028,15
1029,1553
1029,1386
1029,3085
1029,1845
1030,1894
1030,25
1030,55
1030,1474
1031,10
1031,2408
1031,544
1031,1095
1032,3058
1032,632
1032,2138
1032,504
1033,3136
1033,1319
1033,790
1033,1827
1034,1437
1034,665
1034,677
1034,1628
1035,3140
1035,1194
1035,1263
1035,1267
1036,1153
1036,35
1036,2643
1036,254
1037,2947
1037,261
1037,3167
1037,299
1038,2076
1038,3204
1038,1772
1038,1033
1039,1276
1039,522
1039,2684
1039,520
1040,3136
1040,1815
1040,346
1040,3269
1041,304
1041,581
1041,3219
1041,2685
1042,883
1042,1771
1042,114
1042,687
1043,55
1043,935
1043,1576
1043,2281
1044,2944
1044,2402
1044,1759
1044,2035
1045,2704
1045,3201
1045,2291
1045,645
1046,911
1046,1484
1046,2660
1046,3226
1047,1449
1047,3046
1047,650
1047,1648
1048,1736
1048,2277
1048,1191
1048,1118
1049,1397
1049,2182
1049,35
1049,1396
1050,3201
1050,3156
1050,1514
1050,2411
1051,1788
1051,799
1051,2837
1051,1537
1052,55
1052,559
1052,1374
1052,1087
1053,2794
1053,2297
1053,1567
1053,1025
1054,3140
1054,911
1054,2994
1054,2178
1055,2881
1055,2797
1055,2251
1055,1922
1056,2613
1056,1725
1056,3268
1056,1880
1057,522
1057,248
1057,1691
1057,830
1058,213
1058,1278
1058,1802
1058,338
1059,2257
1059,2630
1059,527
1059,1638
1060,1995
1060,801
1060,2377
1060,902
1061,2704
1061,554
1061,2135
1061,556
1062,3213
1062,700
1062,1949
1062,1722
1063,869
1063,1842
1063,1786
1063,3091
1064,2878
1064,952
1064,2295
1064,992
1065,181
1065,2621
1065,596
1065,688
1066,2642
1066,495
1066,2664
1066,3061
1067,2311
1067,1739
1067,2497
1067,1452
1068,2873
1068,2760
1068,257
1068,2983
1069,3136
1069,2351
1069,157
1069,2444
1070,2278
1070,2758
1070,1727
1070,3212
1071,1829
1071,2351
1071,2160
1071,570
1072,2703
1072,2891
1072,1951
1072,1853
1073,562
1073,3319
1073,735
1073,3218
1074,1337
1074,2483
1074,1302
1074,1707
1075,1616
1075,578
1075,2329
1075,2259
1076,1264
1076,1969
1076,2800
1076,721
1077,1788
1077,2604
1077,830
1077,2927
1078,3227
1078,2086
1078,2748
1078,2396
1079,2411
1079,589
1079,1039
1079,56
1080,236
1080,1126
1080,559
1080,3199
1081,1378
1081,852
1081,388
1081,315
1082,802
1082,2311
1082,2628
1082,1101
1083,699
1083,2444
1083,2172
1083,1693
1084,2013
1084,108
1084,481
1084,484
1085,490
1085,2176
1085,1967
1085,3157
1086,2959
1086,2400
1086,548
1086,1579
1087,3040
1087,395
1087,2657
1087,335
1088,801
1088,504
1088,2143
1088,33
1089,1494
1089,1542
1089,562
1089,2138
1090,1962
1090,1499
1090,1675
1090,1540
1091,3261
1091,2139
1091,1988
1091,3092
1092,1489
1092,972
1092,3292
1092,15
1093,1378
1093,1165
1093,3247
1093,3088
1094,3201
1094,2613
1094,2293
1094,2837
1095,2559
1095,71
1095,215
1095,1315
1096,698
1096,556
1096,2462
1096,94
1097,973
1097,732
1097,1291
1097,1947
1098,3292
1098,1726
1098,3150
1098,2736
1099,2176
1099,457
1099,15
1099,1976
1100,538
1100,2140
1100,2863
1100,553
1101,2563
1101,1123
1101,3001
1101,1790
998,529
998,18
998,340
998,969
1102,529
1102,18
1102,340
1102,969
1103,1372
1103,2257
1103,1462
1103,1827
1104,2508
1104,1803
1104,2819
1104,297
1105,2408
1105,1544
1105,97
1105,454
1106,1372
1106,2257
1106,1462
1106,2401
1107,1063
1107,2176
1107,551
1107,626
1108,1529
1108,2571
1108,140
1108,1490
1109,1514
1109,652
1109,2888
1109,3158
1110,246
1110,146
1110,2231
1110,903
1111,2108
1111,2893
1111,119
1111,1716
1112,1788
1112,1921
1112,479
1112,1267
1113,1946
1113,1766
1113,591
1113,1647
1114,1327
1114,566
1114,1813
1114,3153
1115,2788
1115,2517
1115,344
1115,1361
1116,3204
1116,2895
1116,242
1116,2599
206,2486
206,2698
206,1488
206,2644
1117,2486
1117,2698
1117,1488
1117,2644
1118,2849
1118,3226
1118,2218
1118,1354
1119,2247
1119,1375
1119,855
1119,398
1120,1798
1120,1612
1120,95
1120,2718
1121,2909
1121,761
1121,1405
1121,2379
1122,1004
1122,3223
1122,1672
1122,422
1123,236
1123,2111
1123,3298
1123,1513
1124,2488
1124,2835
1124,2707
1124,401
1125,1691
1125,1461
1125,1270
1125,3268
1126,2437
1126,649
1126,1413
1126,2391
1127,46
1127,67
1127,470
1127,184
1128,2703
1128,2404
1128,1497
1128,1726
1129,866
1129,1310
1129,1831
1129,1750
1130,3199
1130,745
1130,2269
1130,731
1131,3136
1131,627
1131,69
1131,2712
1132,91
1132,1766
1132,170
1132,157
1133,2800
1133,3239
1133,2135
1133,1459
1134,1236
1134,2302
1134,1586
1134,2993
1135,1788
1135,1114
1135,412
1135,2474
1136,1565
1136,3087
1136,542
1136,127
1137,483
1137,1011
1137,1371
1137,1504
1138,1107
1138,2835
1138,3303
1138,653
1139,538
1139,2736
1139,336
1139,3069
1140,2994
1140,3225
1140,105
1140,2626
1141,1271
1141,2146
1141,2652
1141,490
1142,1263
1142,153
1142,1364
1142,2941
1143,811
1143,101
1143,1824
1143,1874
1144,3140
1144,1230
1144,2531
1144,1902
1145,1808
1145,2257
1145,3056
1145,1321
1146,1707
1146,1386
1146,200
1146,1491
1147,3040
1147,1214
1147,2623
1147,2703
1148,2313
1148,1764
1148,2245
1148,1382
1149,1829
1149,2881
1149,2703
1149,514
622,530
622,2733
622,1857
622,2203
1150,530
1150,2733
1150,1857
1150,2203
1151,866
1151,2800
1151,1091
1151,2688
1152,2704
1152,1182
1152,1184
1152,841
1153,2940
1153,3276
1153,1529
1153,430
1154,1276
1154,665
1154,171
1154,807
1155,1829
1155,1101
1155,1318
1155,3241
1156,1877
1156,2209
1156,2763
1156,3080
1157,3136
1157,1478
1157,2944
1157,2535
1158,424
1158,1231
1158,2351
1158,2167
1159,1865
1159,527
1159,1845
1159,91
1160,1264
1160,3267
1160,3055
1160,2681
1161,876
1161,3216
1161,2642
1161,1474
1162,1626
1162,2704
1162,2861
1162,865
1163,1616
1163,1234
1163,61
1163,3119
1164,554
1164,2704
1164,2861
1164,2893
1165,2510
1165,2763
1165,3190
1165,1985
1166,1542
1166,2940
1166,2588
1166,1001
1167,1848
1167,2537
1167,1173
1167,1207
1168,504
1168,25
1168,699
1168,1029
1169,3144
1169,2835
1169,1350
1169,2126
1170,1236
1170,234
1170,107
1170,921
1171,3156
1171,3266
1171,2685
1171,1900
1172,2306
1172,923
1172,2289
1172,2321
1173,3059
1173,3031
1173,1380
1173,268
1503,3059
1503,3031
1503,1380
1503,268
1174,682
1174,1557
1174,2986
1174,203
1175,2715
1175,2925
1175,1973
1175,1368
1176,291
1176,2952
1176,1134
1176,3279
1177,3180
1177,436
1177,408
1177,1832
1178,2734
1178,1797
1178,2214
1178,1121
1179,3304
1179,2195
1179,1953
1179,3096
1180,2238
1180,1559
1180,2791
1180,2936
1181,1018
1181,67
1181,347
1181,1497
1182,309
1182,1668
1182,1289
1182,1445
1183,1126
1183,2489
1183,3229
1183,1286
1184,1101
1184,632
1184,3141
1184,2138
1185,16
1185,3146
1185,985
1185,1026
1186,3011
1186,2173
1186,2553
1186,1057
1187,2408
1187,88
1187,19
1187,489
1188,161
1188,25
1188,1967
1188,3044
1189,1191
1189,1691
1189,1050
1189,2824
1190,973
1190,1766
1190,1364
1190,3153
1191,306
1191,865
1191,61
1191,1052
1192,391
1192,2420
1192,1140
1192,502
1193,3140
1193,3108
1193,1524
1193,2387
1194,289
1194,2176
1194,1989
1194,433
1195,374
1195,3156
1195,2793
1195,847
1196,2306
1196,326
1196,2897
1196,2289
1197,2507
1197,1271
1197,1264
1197,1372
1198,1576
1198,2161
1198,1571
1198,858
1199,2142
1199,2114
1199,2112
1199,1150
1200,2837
1200,3184
1200,1594
1200,2848
1201,1454
1201,2065
1201,2421
1201,3264
1202,2703
1202,496
1202,1539
1202,1061
1203,1834
1203,2868
1203,1829
1203,2761
1204,2759
1204,2838
1204,258
1204,1269
1205,2245
1205,3040
1205,3083
1205,2576
1206,3140
1206,338
1206,1827
1206,1102
1207,1126
1207,2883
1207,1707
1207,232
1208,1865
1208,914
1208,1487
1208,1088
1209,802
1209,562
1209,1004
1209,3222
1210,374
1210,210
1210,44
1210,1706
1211,30
1211,597
1211,1718
1211,1045
1212,1365
1212,1635
1212,2899
1212,1423
1213,3136
1213,2291
1213,3226
1213,2571
1214,1218
1214,2373
1214,1018
1214,594
1215,1294
1215,2822
1215,2105
1215,1229
1216,3123
1216,1865
1216,3171
1216,3092
1217,30
1217,2814
1217,1833
1217,563
1218,625
1218,3209
1218,2117
1218,2334
1219,1829
1219,2320
1219,1329
1219,2100
1220,3140
1220,3108
1220,205
1220,3166
1221,1896
1221,2578
1221,2483
1221,3086
1222,1166
1222,1563
1222,986
1222,3081
1223,1616
1223,2541
1223,1272
1223,1120
1224,1829
1224,3292
1224,1780
1224,1558
1225,3218
1225,1756
1225,1767
1225,1653
1226,1616
1226,2473
1226,1793
1226,1120
1227,2347
1227,931
1227,2925
1227,202
1228,55
1228,1616
1228,2269
1228,428
1229,2837
1229,490
1229,200
1229,2323
1230,1402
1230,2600
1230,1886
1230,2910
1231,2631
1231,2861
1231,1422
1231,590
1232,3304
1232,2245
1232,2313
1232,1282
1233,972
1233,2998
1233,2664
1233,1969
1234,3140
1234,2215
1234,2770
1234,2687
1235,2476
1235,1660
1235,854
1235,41
1236,677
1236,1385
1236,987
1236,945
1237,1370
1237,1514
1237,303
1237,3106
1238,1667
1238,1246
1238,871
1238,2029
1239,1515
1239,1182
1239,584
1239,1307
1240,3136
1240,662
1240,2642
1240,1807
1241,1715
1241,2893
1241,1732
1241,400
1242,1274
1242,566
1242,2394
1242,3147
1243,1865
1243,1417
1243,2685
1243,3005
1244,567
1244,1461
1244,51
1244,1610
1245,82
1245,3118
1245,822
1245,3075
1246,289
1246,2479
1246,522
1246,1094
1247,1707
1247,808
1247,453
1247,2782
1248,2881
1248,1852
1248,1869
1248,2208
1249,1191
1249,2251
1249,2705
1249,1890
1250,289
1250,429
1250,1576
1250,58
1251,1978
1251,2817
1251,568
1251,1348
1252,1613
1252,2408
1252,1523
1252,77
1253,1876
1253,2717
1253,3064
1253,2551
1254,643
1254,1464
1254,1709
1254,2237
258,1282
258,98
258,1979
258,410
491,1282
491,98
491,1979
491,410
1255,1282
1255,98
1255,1979
1255,410
1256,1515
1256,2886
1256,2404
1256,1863
1257,2136
1257,3320
1257,1577
1257,2995
1258,1208
1258,3268
1258,198
1258,1528
1259,1635
1259,504
1259,1274
1259,405
1260,620
1260,1117
1260,2955
1260,1215
1261,3218
1261,1419
1261,866
1261,2294
1262,161
1262,972
1262,1386
1262,2521
1263,671
1263,2893
1263,1620
1263,155
1264,2797
1264,420
1264,1294
1264,2749
1265,1230
1265,338
1265,482
1265,1381
1266,1800
1266,1816
1266,2948
1266,14
1267,1442
1267,1715
1267,2545
1267,3219
1268,383
1268,146
1268,3256
1268,3220
1269,2508
1269,790
1269,3256
1269,3165
1270,2951
1270,2580
1270,142
1270,1613
1714,2951
1714,2580
1714,142
1714,1613
1271,2899
1271,1877
1271,1635
1271,115
1272,1494
1272,1372
1272,334
1272,1296
1273,3159
1273,2346
1273,2968
1273,75
1274,1378
1274,1858
1274,269
1274,3142
1275,1319
1275,2578
1275,2846
1275,203
1276,958
1276,2316
1276,607
1276,1588
1277,1101
1277,1982
1277,1880
1277,301
1278,1635
1278,1919
1278,882
1278,1705
1279,3266
1279,3156
1279,1668
1279,1449
1280,2739
1280,2012
1280,2268
1280,2669
1281,2527
1281,2275
1281,3023
1281,1468
1282,1140
1282,1386
1282,1951
1282,635
1283,3136
1283,1386
1283,1341
1283,2135
1284,1004
1284,3199
1284,1691
1284,1162
1285,794
1285,1695
1285,1838
1285,2709
1286,1967
1286,1907
1286,2299
1286,2256
1287,3140
1287,495
1287,539
1287,2981
1288,3136
1288,1416
1288,1715
1288,2571
1289,3107
1289,1276
1289,981
1289,2845
1290,1350
1290,2356
1290,2844
1290,1293
1291,3007
1291,1078
1291,1853
1291,432
1292,1402
1292,2631
1292,1542
1292,120
1293,2032
1293,679
1293,2771
1293,1346
1294,3285
1294,570
1294,2906
1294,2003
1295,1208
1295,240
1295,1187
1295,15
1296,372
1296,3184
1296,1337
1296,1789
1297,1679
1297,615
1297,125
1297,1370
1298,527
1298,2984
1298,3268
1298,1382
1299,3140
1299,2215
1299,1170
1299,2490
1300,2530
1300,1953
1300,2200
1300,1287
1301,3261
1301,574
1301,3004
1301,2530
1302,453
1302,2177
1302,304
1302,1929
1303,556
1303,431
1303,2802
1303,2780
1304,1402
1304,520
1304,1420
1304,3014
1305,3218
1305,1693
1305,634
1305,3087
1306,2881
1306,2408
1306,876
1306,1611
1307,2704
1307,1691
1307,2600
1307,2138
1308,3140
1308,251
1308,1429
1308,1271
1309,554
1309,2212
1309,1994
1309,2440
1310,2627
1310,1924
1310,1339
1310,2808
1311,2386
1311,1952
1311,602
1311,2277
1312,1289
1312,1007
1312,2278
1312,1010
1313,3216
1313,1130
1313,2830
1313,197
1314,632
1314,1120
1314,1234
1314,804
1315,802
1315,2358
1315,841
1315,1576
1316,2192
1316,338
1316,1214
1316,1624
1317,1062
1317,1456
1317,808
1317,1849
1318,3218
1318,2532
1318,866
1318,2294
1319,1884
1319,1853
1319,797
1319,1369
1320,2255
1320,2705
1320,270
1320,2602
1321,1350
1321,2291
1321,3206
1321,1448
1322,1967
1322,1026
1322,2077
1322,1937
1323,1402
1323,2800
1323,2462
1323,1953
1324,1379
1324,1633
1324,2532
1324,2746
1325,2703
1325,511
1325,3298
1325,1550
1326,2881
1326,3200
1326,314
1326,1666
1327,2139
1327,2633
1327,3280
1327,141
1328,2408
1328,157
1328,1997
1328,2388
1329,2901
1329,3089
1329,1440
1329,2363
1330,2257
1330,2541
1330,453
1330,1422
1331,3136
1331,2541
1331,453
1331,1884
1332,3206
1332,2562
1332,1295
1332,443
1333,2927
1333,2940
1333,1633
1333,3109
1334,3216
1334,2058
1334,1876
1334,2874
1335,2363
1335,3216
1335,235
1335,1657
1336,563
1336,304
1336,770
1336,1341
1337,1316
1337,2233
1337,491
1337,469
1338,2906
1338,1475
1338,1410
1338,610
1339,1946
1339,830
1339,1456
1339,1741
1340,3136
1340,2630
1340,1478
1340,2944
1341,1884
1341,1934
1341,997
1341,846
1342,1126
1342,1614
1342,3109
1342,1576
1014,1377
1014,1253
1014,907
1014,786
1343,1377
1343,1253
1343,907
1343,786
1344,1160
1344,1884
1344,892
1344,1770
1345,2219
1345,1557
1345,2677
1345,339
1346,2317
1346,1236
1346,2817
1346,1234
1347,2235
1347,1834
1347,2557
1347,2686
1348,2940
1348,518
1348,508
1348,2525
1349,883
1349,1771
1349,687
1349,1616
471,2374
471,1125
471,2655
471,2785
1350,2374
1350,1125
1350,2655
1350,2785
1351,317
1351,2132
1351,1519
1351,1300
1352,236
1352,2608
1352,688
1352,3210
1353,2881
1353,570
1353,1235
1353,948
1354,1616
1354,307
1354,677
1354,1542
1355,2848
1355,1846
1355,2840
1355,2491
1356,995
1356,2370
1356,2892
1356,2210
1357,2634
1357,639
1357,789
1357,1276
1358,526
1358,1843
1358,2197
1358,2158
1359,2408
1359,962
1359,320
1359,2648
1360,1946
1360,3107
1360,710
1360,2495
835,456
835,349
835,2400
835,1275
1361,456
1361,349
1361,2400
1361,1275
1362,1282
1362,715
1362,2341
1362,1489
1363,1115
1363,845
1363,785
1363,1426
1364,1437
1364,2176
1364,1187
1364,1668
1365,567
1365,2829
1365,220
1365,2349
1366,2837
1366,1126
1366,876
1366,2477
1367,240
1367,544
1367,594
1367,299
1368,3032
1368,3156
1368,375
1368,2167
1369,1827
1369,2018
1369,1591
1369,823
1370,3009
1370,2165
1370,823
1370,1416
1371,2216
1371,3260
1371,3272
1371,2430
1416,2216
1416,3260
1416,3272
1416,2430
1372,1372
1372,424
1372,2835
1372,224
1373,2306
1373,882
1373,453
1373,1717
1374,1478
1374,212
1374,396
1374,1182
1375,2719
1375,2404
1375,973
1375,2165
1376,307
1376,542
1376,2600
1376,308
1377,611
1377,284
1377,3035
1377,1892
1378,2483
1378,3219
1378,2600
1378,603
1379,917
1379,750
1379,1331
1379,17
1380,1633
1380,438
1380,2387
1380,2752
1381,982
1381,2600
1381,2747
1381,2292
1382,383
1382,2889
1382,146
1382,2536
1383,424
1383,1345
1383,2890
1383,2161
1384,882
1384,2515
1384,1092
1384,1031
1385,2660
1385,2745
1385,2524
1385,514
1386,756
1386,2314
1386,1272
1386,2856
1678,756
1678,2314
1678,1272
1678,2856
1387,934
1387,2
1387,1886
1387,1541
1388,161
1388,2683
1388,3171
1388,450
1389,1424
1389,806
1389,1021
1389,271
1390,336
1390,2483
1390,181
1390,490
1391,3228
1391,3102
1391,1905
1391,2922
898,2875
898,2728
898,1992
898,1642
1392,2875
1392,2728
1392,1992
1392,1642
1393,2139
1393,2278
1393,2646
1393,720
1394,2176
1394,582
1394,1256
1394,1877
1395,2176
1395,3156
1395,107
1395,3221
1396,2440
1396,817
1396,1726
1396,2211
1397,336
1397,682
1397,2940
1397,1201
1398,3266
1398,3087
1398,1342
1398,397
1399,3256
1399,1781
1399,2080
1399,275
1400,380
1400,2288
1400,2731
1400,999
428,1544
428,1101
428,2265
428,11
1401,1544
1401,1101
1401,2265
1401,11
1402,771
1402,1576
1402,873
1402,2509
1403,389
1403,2604
1403,1578
1403,237
1404,567
1404,1616
1404,572
1404,1404
1405,39
1405,1921
1405,3171
1405,104
1406,2899
1406,1769
1406,2530
1406,1953
1407,3116
1407,2168
1407,1482
1407,1535
1408,2351
1408,876
1408,485
1408,2291
1409,7
1409,1639
1409,2180
1409,506
1410,2047
1410,3219
1410,3261
1410,1477
1411,1717
1411,200
1411,1227
1411,1225
1412,3058
1412,1382
1412,2671
1412,430
1413,30
1413,861
1413,2697
1413,2876
1414,307
1414,2234
1414,2595
1414,3238
1415,689
1415,2133
1415,3294
1415,2741
1371,1694
1371,907
1371,1678
1371,754
1416,1694
1416,907
1416,1678
1416,754
1417,2990
1417,2258
1417,1950
1417,2972
1418,30
1418,1780
1418,1242
1418,1024
1419,1763
1419,2192
1419,28
1419,1777
1420,1707
1420,1865
1420,1709
1420,2078
1421,911
1421,2082
1421,1796
1421,217
1422,2083
1422,1755
1422,437
1422,3187
1423,2682
1423,2818
1423,1636
1423,851
1424,2139
1424,542
1424,2969
1424,869
1425,567
1425,1594
1425,2329
1425,2413
1426,3139
1426,2308
1426,239
1426,2506
1427,2060
1427,908
1427,3249
1427,764
1428,2408
1428,1069
1428,1472
1428,2528
1429,1117
1429,2071
1429,2157
1429,2547
1430,2696
1430,2272
1430,592
1430,1860
1431,2726
1431,1024
1431,2393
1431,2603
1432,2408
1432,1565
1432,1594
1432,635
1433,1316
1433,3127
1433,2737
1433,2385
1591,1316
1591,3127
1591,2737
1591,2385
1434,1551
1434,682
1434,444
1434,1557
1435,1009
1435,240
1435,2835
1435,1693
1436,1264
1436,1760
1436,2676
1436,2934
410,1371
410,2925
410,3025
410,1097
1437,1371
1437,2925
1437,3025
1437,1097
1438,961
1438,2756
1438,488
1438,1737
1439,2265
1439,2405
1439,1558
1439,1988
1440,55
1440,1560
1440,2539
1440,3029
1441,2739
1441,267
1441,663
1441,2669
1442,1760
1442,2874
1442,2904
1442,2284
1443,304
1443,2483
1443,581
1443,3261
1444,2228
1444,2184
1444,2340
1444,294
1445,2220
1445,3122
1445,423
1445,23
1446,2363
1446,2148
1446,394
1446,751
1447,1248
1447,625
1447,2351
1447,1423
1448,1565
1448,2623
1448,127
1448,1580
1449,526
1449,2899
1449,1728
1449,2437
1450,107
1450,835
1450,3242
1450,709
1451,526
1451,2411
1451,2108
1451,1591
1452,3140
1452,3108
1452,1524
1452,1811
1453,1140
1453,2485
1453,2437
1453,1
1454,1350
1454,2683
1454,2562
1454,579
1455,161
1455,2283
1455,1907
1455,613
1456,2010
1456,2191
1456,2628
1456,2314
1457,30
1457,730
1457,404
1457,377
1458,3268
1458,2884
1458,2435
1458,749
1459,1867
1459,2965
1459,490
1459,1968
1460,1462
1460,1580
1460,1093
1460,1297
1461,303
1461,1370
1461,1514
1461,3106
1462,1208
1462,1806
1462,2043
1462,1658
1463,802
1463,626
1463,1533
1463,599
490,3269
490,359
490,357
490,1828
1464,3269
1464,359
1464,357
1464,1828
1465,934
1465,576
1465,1788
1465,1755
1466,1793
1466,463
1466,161
1466,1304
1467,482
1467,2670
1467,2740
1467,147
1468,1744
1468,282
1468,1502
1468,1420
1469,376
1469,2939
1469,698
1469,2649
1470,2523
1470,1991
1470,1598
1470,998
1471,2411
1471,2517
1471,1914
1471,1203
1472,1793
1472,474
1472,551
1472,77
1473,2324
1473,882
1473,265
1473,2303
1474,865
1474,3136
1474,3202
1474,1137
1475,1187
1475,1655
1475,1561
1475,1406
1476,2483
1476,2600
1476,1780
1476,1883
1477,2408
1477,1012
1477,2819
1477,2181
1478,1884
1478,3270
1478,2703
1478,847
1479,3084
1479,6
1479,260
1479,1681
1480,339
1480,578
1480,496
1480,986
1481,1372
1481,2257
1481,1462
1481,2401
1482,1514
1482,2201
1482,126
1482,1467
1483,957
1483,2205
1483,2397
1483,922
1484,2483
1484,1420
1484,574
1484,1453
1485,2703
1485,200
1485,2640
1485,151
1486,534
1486,2408
1486,2465
1486,717
1487,178
1487,1797
1487,2471
1487,426
1488,1209
1488,2365
1488,782
1488,2816
1489,1794
1489,2933
1489,2479
1489,1247
1490,2800
1490,2835
1490,1101
1490,944
1491,1829
1491,2800
1491,1091
1491,1101
1492,2408
1492,1630
1492,692
1492,2654
1493,958
1493,1190
1493,2630
1493,1738
1494,3040
1494,1419
1494,1506
1494,832
1495,181
1495,2621
1495,596
1495,1524
1496,865
1496,199
1496,1768
1496,3271
1497,2662
1497,1720
1497,732
1497,2997
1498,2804
1498,188
1498,1556
1498,299
1499,1931
1499,997
1499,507
1499,1559
1500,2176
1500,958
1500,2002
1500,1040
1501,188
1501,633
1501,972
1501,1757
1502,2607
1502,628
1502,3218
1502,1797
1173,866
1173,1586
1173,1272
1173,1662
1503,866
1503,1586
1503,1272
1503,1662
1504,1481
1504,1409
1504,2463
1504,2054
1505,2454
1505,878
1505,784
1505,2558
1506,1402
1506,3121
1506,1389
1506,25
1507,678
1507,780
1507,1555
1507,537
1508,2176
1508,1766
1508,1691
1508,1184
1509,2198
1509,2380
1509,2778
1509,3024
1510,847
1510,164
1510,1582
1510,2166
1511,1514
1511,1691
1511,2235
1511,1964
1512,562
1512,430
1512,2609
1512,1732
1513,486
1513,979
1513,864
1513,72
1514,1129
1514,815
1514,3073
1514,1085
1515,1745
1515,1562
1515,2392
1515,2512
1516,810
1516,1077
1516,2859
1516,179
1517,1389
1517,1603
1517,180
1517,2319
1518,2717
1518,1725
1518,168
1518,2239
1519,1016
1519,1663
1519,2478
1519,2097
1520,700
1520,2810
1520,772
1520,1663
1521,1780
1521,1501
1521,2166
1521,2167
1522,1729
1522,1511
1522,2962
1522,466
1523,3004
1523,1418
1523,2787
1523,1717
1524,2861
1524,2579
1524,3050
1524,1725
1525,1004
1525,1938
1525,2206
1525,32
1526,2589
1526,2837
1526,3113
1526,1343
1527,2507
1527,1264
1527,1194
1527,1026
1528,567
1528,1542
1528,299
1528,2940
1529,1494
1529,2541
1529,352
1529,820
1530,3268
1530,1113
1530,916
1530,160
1531,2375
1531,2269
1531,299
1531,100
1532,3140
1532,802
1532,2725
1532,441
1533,2704
1533,2302
1533,1184
1533,841
1534,30
1534,861
1534,3248
1534,1836
1535,1264
1535,1015
1535,676
1535,212
1536,2945
1536,384
1536,3033
1536,386
1537,894
1537,2005
1537,3115
1537,3276
1538,1175
1538,1597
1538,1060
1538,2767
1539,1793
1539,1691
1539,10
1539,2191
1540,374
1540,2729
1540,1635
1540,2571
1541,656
1541,1253
1541,2853
1541,1260
1542,389
1542,923
1542,1050
1542,2332
1543,554
1543,2835
1543,2861
1543,2719
1544,2192
1544,1459
1544,1397
1544,3015
1545,55
1545,2728
1545,1248
1545,2145
1546,982
1546,699
1546,2120
1546,606
1547,2363
1547,3115
1547,2279
1547,378
1548,3140
1548,1034
1548,1288
1548,296
1549,291
1549,2952
1549,1134
1549,3263
1550,1946
1550,490
1550,1760
1550,1556
1551,363
1551,1590
1551,799
1551,2831
1552,236
1552,1404
1552,951
1552,1345
1553,1351
1553,191
1553,170
1553,596
1554,30
1554,1833
1554,563
1554,771
1555,1514
1555,2642
1555,207
1555,2345
1556,170
1556,660
1556,1306
1556,2554
1557,3205
1557,2927
1557,936
1557,1279
1558,2633
1558,2500
1558,1676
1558,458
1559,2799
1559,2865
1559,1383
1559,3042
1560,2139
1560,2763
1560,1289
1560,1181
1561,337
1561,48
1561,86
1561,38
1562,3266
1562,2151
1562,2000
1562,2286
1563,802
1563,1049
1563,79
1563,319
1564,1462
1564,2703
1564,376
1564,885
1565,2228
1565,2763
1565,1691
1565,1419
1566,2492
1566,1080
1566,1232
1566,333
1567,2220
1567,1529
1567,2755
1567,15
1568,765
1568,1469
1568,1534
1568,1178
1569,1635
1569,2313
1569,3008
1569,1172
1570,677
1570,1385
1570,987
1570,945
1571,1533
1571,2192
1571,3151
1571,1586
218,2915
218,966
218,1839
218,875
1572,2915
1572,966
1572,1839
1572,875
1573,556
1573,607
1573,390
1573,306
1574,2781
1574,1845
1574,1456
1574,3276
1575,1166
1575,1563
1575,2276
1575,3081
1576,1805
1576,261
1576,1109
1576,1301
1577,449
1577,1620
1577,588
1577,621
1578,2452
1578,1503
1578,677
1578,876
1579,2176
1579,1533
1579,2909
1579,104
1580,2800
1580,2356
1580,2093
1580,298
1581,3140
1581,449
1581,2119
1581,2014
1582,374
1582,2623
1582,2668
1582,2864
1583,1876
1583,2717
1583,3064
1583,577
1584,363
1584,596
1584,1525
1584,509
1585,2146
1585,3299
1585,2825
1585,3321
1586,1616
1586,1234
1586,963
1586,3178
1587,626
1587,2992
1587,1793
1587,1285
1588,1873
1588,1418
1588,2530
1588,2311
1589,1222
1589,2250
1589,1680
1589,361
1590,3201
1590,1527
1590,3245
1590,1428
1433,530
1433,1315
1433,2989
1433,1217
1591,530
1591,1315
1591,2989
1591,1217
1592,3292
1592,1489
1592,972
1592,15
1593,866
1593,1419
1593,1276
1593,3205
1594,2048
1594,2889
1594,795
1594,1509
1595,2309
1595,1498
1595,2006
1595,3042
1596,1876
1596,3119
1596,2811
1596,1320
1597,567
1597,140
1597,3004
1597,2825
1598,30
1598,861
1598,581
1598,116
1599,2314
1599,2294
1599,2796
1599,2481
1600,30
1600,1833
1600,2291
1600,2550
1601,191
1601,2235
1601,561
1601,958
1602,1230
1602,1632
1602,2482
1602,1687
1603,1478
1603,2763
1603,2701
1603,1200
1604,846
1604,1387
1604,3168
1604,2360
1605,1114
1605,2483
1605,1083
1605,513
1606,2719
1606,374
1606,493
1606,2992
1607,1827
1607,2550
1607,1337
1607,908
1608,1489
1608,2135
1608,3292
1608,736
1609,3261
1609,1635
1609,374
1609,3121
1610,2825
1610,1838
1610,837
1610,2769
1611,2411
1611,699
1611,674
1611,305
1612,2220
1612,2886
1612,881
1612,2369
1613,2139
1613,1884
1613,858
1613,1362
1614,2010
1614,92
1614,382
1614,2381
1615,2261
1615,596
1615,1927
1615,3154
1616,2614
1616,3188
1616,2183
1616,219
1617,2255
1617,1155
1617,198
1617,938
1618,3028
1618,1009
1618,1938
1618,1198
1619,413
1619,1795
1619,3032
1619,1047
1620,3040
1620,3253
1620,2837
1620,2414
1621,1126
1621,374
1621,1707
1621,495
1622,3195
1622,661
1622,1251
1622,3193
1623,110
1623,973
1623,1905
1623,2994
1624,1514
1624,1455
1624,2351
1624,2570
1625,3141
1625,2927
1625,1182
1625,1404
1626,2091
1626,2905
1626,2549
1626,731
1627,3219
1627,2088
1627,1626
1627,1402
1628,2908
1628,1054
1628,123
1628,1355
1629,2251
1629,1154
1629,716
1629,3289
1630,30
1630,1833
1630,170
1630,2895
1631,1464
1631,2483
1631,2089
1631,1554
1632,2881
1632,1510
1632,510
1632,1897
1633,3030
1633,1288
1633,34
1633,3043
1634,210
1634,894
1634,2613
1634,1214
1635,1126
1635,374
1635,2176
1635,2270
1636,1332
1636,2368
1636,1043
1636,1290
1637,3098
1637,2446
1637,1641
1637,777
1638,2691
1638,2453
1638,2528
1638,1920
927,1414
927,2748
927,2764
927,2996
1639,1414
1639,2748
1639,2764
1639,2996
1640,424
1640,2195
1640,2761
1640,2253
1641,1745
1641,1457
1641,1072
1641,22
1642,3165
1642,2325
1642,393
1642,1155
1643,173
1643,934
1643,2909
1643,1949
1644,1397
1644,2849
1644,820
1644,1996
1645,1563
1645,1387
1645,1834
1645,2276
1646,1649
1646,173
1646,1487
1646,2190
1647,1243
1647,2723
1647,1267
1647,1508
1648,745
1648,2978
1648,801
1648,1795
1649,1231
1649,3315
1649,1240
1649,2451
1650,2176
1650,3104
1650,3268
1650,169
1651,250
1651,1131
1651,2498
1651,435
1652,2408
1652,1907
1652,3268
1652,1305
1653,1864
1653,1922
1653,1430
1653,512
1654,1074
1654,47
1654,788
1654,1084
1655,374
1655,1049
1655,1126
1655,1594
1656,2660
1656,1067
1656,3076
1656,2224
1657,166
1657,614
1657,243
1657,2880
1700,166
1700,614
1700,243
1700,2880
1658,562
1658,3261
1658,917
1658,3260
1659,2311
1659,1777
1659,1873
1659,574
1660,2261
1660,1517
1660,646
1660,618
1661,1804
1661,346
1661,973
1661,1723
1662,224
1662,1617
1662,2239
1662,1677
1663,583
1663,2103
1663,1055
1663,1773
1664,2302
1664,1491
1664,1668
1664,1663
1665,2876
1665,1626
1665,2387
1665,1177
1666,3010
1666,1367
1666,2653
1666,507
1667,1423
1667,134
1667,1023
1667,490
1668,1522
1668,1226
1668,656
1668,283
1669,2139
1669,2898
1669,128
1669,1493
1670,1663
1670,2861
1670,1715
1670,3164
1671,2753
1671,611
1671,1503
1671,1049
1672,866
1672,958
1672,885
1672,1325
1673,2565
1673,1695
1673,1270
1673,1713
1674,191
1674,356
1674,1239
1674,165
1675,1018
1675,1194
1675,2219
1675,2728
1676,882
1676,3087
1676,3080
1676,624
1677,1350
1677,1386
1677,2030
1677,2870
1386,2748
1386,856
1386,2896
1386,1586
1678,2748
1678,856
1678,2896
1678,1586
1679,1876
1679,2717
1679,3064
1679,1144
1680,1967
1680,1042
1680,2077
1680,1026
1681,699
1681,2939
1681,2259
1681,3141
1682,504
1682,2311
1682,883
1682,2877
1683,1249
1683,1982
1683,2966
1683,943
1684,2996
1684,1390
1684,868
1684,711
1685,483
1685,250
1685,3241
1685,1358
1686,1841
1686,1400
1686,3027
1686,1925
1687,2800
1687,1732
1687,1778
1687,337
1688,1668
1688,928
1688,2835
1688,2909
1689,3201
1689,2980
1689,697
1689,158
1690,3243
1690,1030
1690,2262
1690,1114
1691,1114
1691,1184
1691,181
1691,304
1692,133
1692,747
1692,3124
1692,1705
1693,2739
1693,594
1693,406
1693,2199
1694,908
1694,1456
1694,658
1694,599
1695,2728
1695,2382
1695,1114
1695,823
1696,1337
1696,1314
1696,967
1696,2860
1697,504
1697,82
1697,2458
1697,2192
1698,2217
1698,2390
1698,2337
1698,322
1699,603
1699,907
1699,3234
1699,990
1657,2441
1657,1384
1657,26
1657,862
1700,2441
1700,1384
1700,26
1700,862
1701,1966
1701,1442
1701,339
1701,2083
1702,30
1702,1548
1702,1631
1702,630
1703,1529
1703,2633
1703,1149
1703,2716
1704,2901
1704,206
1704,2366
1704,1907
1705,2483
1705,1904
1705,2251
1705,960
1706,2395
1706,1564
1706,2254
1706,575
1707,819
1707,3273
1707,2664
1707,3032
1708,561
1708,3310
1708,1756
1708,3319
1709,3032
1709,1107
1709,1214
1709,2269
1710,418
1710,939
1710,2659
1710,321
1711,3063
1711,2052
1711,3268
1711,2832
1712,236
1712,2406
1712,1872
1712,609
1713,3206
1713,2510
1713,2075
1713,1050
1270,544
1270,1715
1270,1086
1270,2584
1714,544
1714,1715
1714,1086
1714,2584
1715,188
1715,2143
1715,222
1715,2129
1716,289
1716,2351
1716,1273
1716,2786
1717,3197
1717,2141
1717,512
1717,947
1718,1395
1718,1747
1718,424
1718,336
1719,2510
1719,941
1719,2838
1719,2442
1720,2940
1720,3285
1720,838
1720,2748
1721,3136
1721,453
1721,2562
1721,1653
1722,1616
1722,2541
1722,1063
1722,2596
1723,2176
1723,885
1723,1523
1723,1709
1724,2660
1724,1884
1724,978
1724,1676
1725,221
1725,173
1725,3094
1725,1323
1726,1788
1726,87
1726,1124
1726,3079
1727,1178
1727,2761
1727,3209
1727,3155
1728,1126
1728,2176
1728,336
1728,490
1729,304
1729,2483
1729,140
1729,1196
1730,453
1730,861
1730,2037
1730,336
1731,955
1731,1845
1731,2022
1731,524
1732,89
1732,733
1732,221
1732,465
1733,1263
1733,2401
1733,3159
1733,2911
1734,2736
1734,2812
1734,439
1734,1798
1735,3291
1735,2028
1735,467
1735,2384
1736,1350
1736,2600
1736,2469
1736,1042
208,1531
208,2834
208,2639
208,587
1737,1531
1737,2834
1737,2639
1737,587
1738,173
1738,1969
1738,542
1738,705
1739,2829
1739,1967
1739,2613
1739,1407
1740,2036
1740,3195
1740,3231
1740,1219
1741,1149
1741,1455
1741,1456
1741,2352
1742,2581
1742,27
1742,1576
1742,2110
1743,3094
1743,1613
1743,2831
1743,1910
1744,1616
1744,1058
1744,1939
1744,977
908,1327
908,1342
908,3057
908,3250
1745,1327
1745,1342
1745,3057
1745,3250
1746,2821
1746,2229
1746,2208
1746,3172
1747,453
1747,1418
1747,1739
1747,2040
1748,2542
1748,295
1748,896
1748,1066
1749,866
1749,465
1749,92
1749,637
1750,200
1750,2440
1750,2981
1750,563
1751,1739
1751,1730
1751,109
1751,2801
1752,1967
1752,820
1752,1497
1752,387
1753,866
1753,2364
1753,2088
1753,1444
1754,210
1754,1586
1754,199
1754,1574
1755,2306
1755,692
1755,2695
1755,3103
1756,982
1756,1456
1756,2819
1756,1676
1757,221
1757,2814
1757,1528
1757,533
1758,1318
1758,2932
1758,1070
1758,2629
1759,790
1759,2695
1759,164
1759,955
1760,416
1760,392
1760,3268
1760,601
1761,2861
1761,1018
1761,830
1761,3003
1762,3009
1762,819
1762,2153
1762,1861
1763,832
1763,1058
1763,2214
1763,342
1764,2139
1764,567
1764,140
1764,2227
1765,2235
1765,424
1765,1160
1765,1293
1766,1663
1766,3140
1766,311
1766,177
1767,2389
1767,336
1767,299
1767,1276
1768,3111
1768,259
1768,2394
1768,1859
1769,1691
1769,2411
1769,2642
1769,899
1770,2788
1770,2600
1770,289
1770,1231
1771,1827
1771,911
1771,1668
1771,1855
1772,2408
1772,1253
1772,3186
1772,1576
1773,932
1773,2085
1773,2851
1773,595
1774,1418
1774,453
1774,2693
1774,940
1775,2683
1775,1344
1775,1963
1775,2652
1776,3140
1776,2136
1776,57
1776,145
294,1967
294,1182
294,3048
294,1202
1777,1967
1777,1182
1777,3048
1777,1202
1778,1673
1778,299
1778,2351
1778,2037
1779,2874
1779,2005
1779,1111
1779,78
1780,2080
1780,2798
1780,2259
1780,1880
1781,2864
1781,3254
1781,2123
1781,196
1782,55
1782,1604
1782,1317
1782,328
1783,1829
1783,502
1783,1459
1783,1058
1784,2881
1784,1142
1784,1257
1784,2931
1785,883
1785,1034
1785,3148
1785,2973
1786,1140
1786,1516
1786,11
1786,94
1787,2192
1787,2126
1787,2798
1787,3273
1788,2060
1788,892
1788,1589
1788,580
1789,1140
1789,2350
1789,2738
1789,2868
1790,1829
1790,3255
1790,1099
1790,332
1791,3296
1791,2538
1791,2585
1791,2057
1792,2411
1792,452
1792,1914
1792,721
1793,210
1793,973
1793,1581
1793,600
1794,2222
1795,1946
1795,1474
1795,1594
1795,1186
1796,2220
1796,2067
1796,1170
1796,2819
1797,2466
1797,1719
1797,1138
1797,2732
1798,2220
1798,3219
1798,3174
1798,2263
1799,113
1799,1736
1799,2792
1799,2019
1800,2139
1800,2407
1800,1322
1800,2981
1801,25
1801,2124
1801,2942
1801,812
1802,2800
1802,2604
1802,15
1802,148
1803,1442
1803,1107
1803,1573
1803,1684
1804,955
1804,1682
1804,1899
1804,1228
1805,3136
1805,833
1805,2854
1805,1490
