movie_id,genre_id
1,1
1,2
1,3
2,4
2,5
2,6
3,5
3,1
3,7
4,8
4,1
4,9
5,5
5,1
6,10
6,4
6,1
7,10
7,4
7,11
8,11
8,1
8,9
9,5
9,1
9,7
10,5
10,6
10,12
11,5
11,1
11,3
12,4
12,5
12,12
13,5
14,10
14,4
14,1
15,10
15,5
16,5
16,1
17,5
17,6
18,10
18,4
18,13
19,4
19,5
19,6
20,5
20,6
20,12
21,11
21,1
21,14
22,5
22,8
22,2
23,11
23,1
23,15
24,16
24,5
24,6
25,10
25,8
25,1
26,10
26,4
26,1
27,16
27,5
27,6
28,16
28,4
28,5
29,10
29,3
30,10
30,4
30,8
31,16
31,4
31,5
32,10
32,5
32,3
33,4
33,5
33,8
34,8
34,1
34,17
35,10
35,4
35,12
36,16
36,4
36,5
37,16
37,4
37,5
38,1
38,6
38,12
39,17
39,2
39,3
40,5
40,1
40,6
41,5
41,18
41,7
42,8
42,1
42,3
43,17
43,2
43,3
44,5
44,7
45,10
45,4
45,13
46,11
46,1
46,15
47,5
47,6
48,1
48,18
142,1
142,18
49,6
49,12
49,18
50,16
50,4
50,5
51,5
51,1
51,12
52,11
52,1
52,9
53,5
53,7
54,4
54,5
54,6
55,17
55,2
55,3
56,10
56,4
56,3
57,16
57,10
57,4
58,5
58,1
58,7
59,10
59,4
59,13
60,1
60,2
60,3
61,10
61,4
61,5
62,10
62,4
62,1
340,10
340,4
340,1
63,5
63,6
63,18
64,5
64,17
65,4
65,5
65,6
66,11
66,1
66,14
67,17
67,3
68,10
68,8
68,1
69,10
69,4
69,5
70,5
70,1
71,4
71,1
71,13
72,1
72,12
72,7
73,5
73,12
74,16
74,4
74,5
75,1
76,1
76,3
77,16
77,4
77,5
972,16
972,4
972,5
78,5
78,1
78,12
79,8
79,1
79,2
80,10
80,4
80,5
81,5
81,12
81,17
82,8
82,1
83,11
83,5
83,8
84,10
84,8
84,3
85,16
85,5
85,6
86,10
86,17
86,13
87,5
87,6
88,10
88,8
88,3
89,5
89,6
89,12
90,10
90,4
90,1
91,5
91,1
91,6
92,16
92,4
92,5
93,5
93,1
93,7
94,10
94,4
94,13
95,11
95,1
95,9
96,10
96,4
96,12
97,5
97,1
97,6
98,5
98,1
98,7
99,5
100,10
100,4
100,1
101,1
101,7
102,10
102,4
102,1
103,10
103,4
103,13
104,10
104,5
105,10
105,8
105,1
106,10
106,1
106,2
107,8
107,1
108,1
108,12
108,7
109,5
110,17
111,5
111,8
111,1
112,10
112,5
112,12
113,10
113,4
113,5
114,10
114,4
114,8
115,11
115,8
115,1
116,10
116,1
116,13
117,5
117,12
117,17
118,1
119,8
119,1
119,2
120,10
120,4
120,13
121,10
121,1
122,10
122,5
122,8
123,4
123,5
123,6
124,10
124,4
124,5
125,1
125,17
125,3
126,16
126,6
126,12
127,5
127,6
128,5
129,10
129,4
129,12
130,1
130,7
131,10
131,4
131,13
132,4
132,5
132,6
133,17
133,2
133,3
134,10
134,4
134,13
518,10
518,4
518,13
135,5
135,17
135,2
136,5
136,6
137,5
137,1
137,9
138,1
138,14
139,1
139,7
140,10
140,4
140,5
141,1
48,1
142,1
143,10
143,3
144,1
144,2
144,3
145,4
145,6
145,12
146,8
146,3
147,11
147,5
147,1
148,1
148,7
149,1
150,11
150,5
150,1
151,11
151,1
151,15
152,11
152,8
152,1
153,1
153,17
153,2
154,5
154,1
155,10
155,8
156,4
156,6
156,12
157,4
157,1
157,19
158,10
158,13
158,3
159,5
160,5
160,1
160,12
161,5
161,7
162,5
162,1
163,1
163,3
164,10
164,4
164,1
165,10
165,4
165,1
166,4
166,2
166,13
167,10
167,4
167,12
168,5
168,17
168,18
169,8
169,1
169,2
170,16
170,4
170,5
171,1
171,9
172,10
172,3
173,8
173,1
174,8
174,1
174,3
175,8
175,1
175,3
176,10
176,4
176,12
177,5
178,4
178,5
178,6
179,1
180,10
180,4
180,13
181,10
181,8
181,1
182,10
182,8
182,1
183,4
183,6
183,12
184,5
184,17
184,3
185,10
185,4
185,3
186,10
186,4
186,12
187,1
187,7
1022,1
1022,7
188,1
188,17
188,2
189,8
189,1
189,17
190,5
190,6
190,12
191,1
191,2
191,3
192,16
192,5
192,18
193,17
194,5
194,1
194,17
195,1
195,20
196,4
196,6
196,12
197,11
197,1
197,9
198,16
198,4
198,5
199,10
199,4
199,1
200,8
200,1
200,3
201,8
201,1
201,2
202,5
202,12
203,10
203,5
203,3
204,10
204,1
204,3
205,16
205,10
205,4
206,4
206,6
206,12
1117,4
1117,6
1117,12
207,1
207,2
207,3
208,4
208,6
208,12
1737,4
1737,6
1737,12
209,1
209,7
210,5
210,6
210,12
211,10
211,13
211,3
212,1
213,4
213,5
213,6
214,10
214,4
214,1
215,5
215,1
215,6
216,4
216,5
801,4
801,5
217,16
217,10
217,4
218,16
218,4
218,5
1572,16
1572,4
1572,5
219,8
219,1
219,3
220,10
220,4
221,10
221,4
221,13
222,10
222,13
223,5
224,10
224,4
224,3
225,10
225,1
225,2
226,1
226,2
226,19
227,11
227,1
227,9
228,17
228,13
229,5
230,1
230,2
230,3
231,1
231,19
232,1
232,7
233,5
233,8
234,1
234,12
234,7
235,1
236,8
236,1
237,10
237,1
237,13
238,1
238,7
238,3
239,4
239,5
239,13
240,8
240,1
240,12
241,4
241,1
241,6
242,8
242,1
242,2
243,10
243,8
243,3
244,5
244,7
245,10
245,4
246,8
246,17
246,2
247,4
247,1
247,19
248,1
248,17
248,20
249,5
249,1
249,7
250,8
250,1
250,2
251,4
251,6
251,12
252,1
252,7
253,5
253,1
253,13
254,1
254,2
254,13
255,5
255,1
255,7
256,5
257,1
257,12
257,17
258,17
258,2
258,3
491,17
491,2
491,3
1255,17
1255,2
1255,3
259,5
259,1
260,10
260,4
260,13
261,8
261,1
261,2
262,5
263,8
263,1
263,2
264,10
264,4
264,13
265,21
265,14
266,10
266,4
266,12
267,2
267,3
268,4
268,6
268,12
269,1
270,16
270,10
270,4
271,10
271,1
271,3
272,10
272,2
272,3
273,1
273,7
274,17
274,2
274,3
275,5
275,14
275,7
276,10
276,4
276,17
277,5
277,7
278,1
278,7
278,13
279,10
279,1
280,5
280,8
281,16
281,4
281,5
282,11
282,5
282,1
283,5
284,10
284,1
285,10
285,13
285,3
286,8
286,1
287,1
287,14
287,18
288,11
288,5
288,1
289,10
289,4
289,3
290,1
290,7
290,13
291,17
291,2
292,10
292,2
292,3
293,1
293,6
293,18
294,1
1777,1
295,8
295,1
296,10
296,4
296,12
297,5
297,1
297,7
298,5
298,1
299,10
299,4
299,13
300,17
300,13
300,3
301,5
301,1
301,14
302,1
302,19
303,5
303,1
303,6
304,1
305,10
305,13
306,5
306,1
306,14
307,5
307,1
308,11
308,1
308,6
309,8
309,1
310,8
310,1
311,5
311,1
312,17
313,1
313,17
313,2
314,1
314,7
314,13
315,11
315,8
315,1
316,11
316,8
316,1
317,1
317,17
318,5
318,8
318,1
319,5
319,1
319,15
320,12
320,17
321,1
321,15
322,5
322,7
322,15
323,5
323,17
323,3
324,1
325,10
325,8
325,3
326,10
326,5
326,19
327,10
327,8
327,1
328,8
328,1
328,2
329,4
329,5
329,1
330,5
330,7
331,5
331,1
331,7
332,10
332,8
332,3
333,10
333,11
333,1
334,1
335,10
335,8
335,3
336,10
336,4
336,2
337,5
337,17
338,10
338,8
338,3
339,4
339,5
62,10
62,4
62,13
340,10
340,4
340,13
341,1
342,5
342,7
343,5
343,12
343,17
344,5
344,7
345,10
345,4
345,5
346,1
346,2
346,3
347,10
347,1
348,11
348,5
348,1
349,10
349,4
349,1
350,10
350,19
351,5
352,10
352,5
352,12
353,10
353,4
353,13
354,4
354,5
354,8
355,4
355,6
355,12
356,4
356,5
356,6
357,5
357,6
358,1
358,2
358,7
359,4
359,1
359,2
360,8
360,1
361,10
361,4
361,13
362,5
362,6
363,10
363,4
363,12
364,10
364,5
364,8
365,2
365,3
366,10
366,4
366,12
367,1
367,17
367,3
368,10
368,4
368,1
369,5
369,8
369,1
370,17
370,2
370,3
371,17
371,3
372,8
372,1
373,1
373,7
374,8
374,1
375,10
375,5
376,17
376,13
376,3
377,10
377,8
377,3
378,1
378,17
378,2
379,10
379,5
379,17
380,4
380,12
381,11
381,1
381,9
382,10
382,8
382,3
383,10
383,4
383,3
384,17
384,2
384,3
385,8
385,1
385,2
386,4
386,13
387,5
387,1
387,6
388,10
388,5
388,8
389,4
389,6
389,12
390,1
390,7
391,1
391,17
391,2
392,8
392,1
392,2
393,1
393,7
394,10
394,4
394,5
395,5
395,1
396,10
396,4
396,6
397,10
397,8
397,17
398,10
398,4
398,12
399,11
399,1
399,2
400,1
400,13
400,3
401,10
401,4
401,5
402,5
403,10
403,8
403,1
404,1
404,7
404,3
405,17
405,13
405,3
406,10
406,4
407,10
407,4
407,5
408,17
408,2
408,3
409,5
409,8
409,6
410,1
410,7
1437,1
1437,7
411,11
411,1
411,9
412,16
412,4
412,5
413,10
413,3
414,1
415,5
416,5
416,1
417,17
418,1
419,17
420,17
420,2
420,3
421,5
421,1
421,9
422,4
422,1
422,12
423,10
423,4
423,5
424,10
424,13
425,8
425,1
425,3
426,5
426,1
426,7
427,17
427,2
427,13
428,10
428,8
428,13
1401,10
1401,8
1401,13
429,10
429,4
429,13
430,4
430,1
430,13
431,11
431,1
431,18
432,11
432,1
432,6
433,1
433,17
433,2
434,8
434,1
434,3
435,5
435,1
435,7
436,10
436,4
436,6
437,10
437,8
437,3
438,17
438,2
438,3
439,13
439,3
440,11
440,1
440,9
441,1
441,2
441,3
442,5
443,11
443,1
443,14
444,1
444,14
445,4
445,6
445,12
446,5
446,1
446,12
447,10
447,4
447,1
448,1
448,20
449,16
449,10
449,4
450,1
451,10
451,13
452,1
452,12
452,7
453,10
453,2
453,13
454,16
454,4
454,5
455,5
455,7
456,1
457,10
457,8
457,1
458,5
458,1
459,4
459,5
459,6
460,10
460,4
460,12
735,10
735,4
735,12
461,10
461,4
462,17
462,2
462,13
463,8
463,1
463,3
464,5
464,7
465,4
465,5
465,8
466,5
466,1
466,7
467,10
467,1
467,19
468,16
468,4
468,1
475,16
475,4
475,1
469,10
469,1
469,9
470,10
470,4
470,5
471,8
471,1
471,18
1350,8
1350,1
1350,18
472,8
472,1
473,11
473,1
473,14
474,16
474,4
474,5
468,16
468,4
468,1
475,16
475,4
475,1
476,10
476,1
476,9
477,8
477,13
478,16
478,5
478,6
479,11
479,1
480,16
480,4
480,5
481,11
481,1
481,9
482,1
482,18
482,7
483,8
483,1
484,10
484,4
484,5
485,1
485,2
485,13
486,10
486,3
487,5
488,5
488,7
489,10
489,5
489,8
490,5
490,1
490,7
1464,5
1464,1
1464,7
258,17
491,17
1255,17
492,4
492,5
492,1
493,5
493,8
494,10
494,4
494,13
495,10
495,17
495,3
496,16
496,4
496,5
497,5
497,1
497,19
498,1
498,12
498,17
499,16
499,5
499,6
500,10
500,4
500,13
501,8
501,1
501,2
502,10
502,1
502,19
503,11
503,1
503,9
504,1
505,10
505,5
505,8
506,1
506,12
506,17
507,16
507,10
507,4
508,10
508,4
508,12
509,10
509,4
509,5
510,4
510,5
510,1
511,1
511,2
511,3
512,11
512,5
512,1
513,5
513,6
513,12
514,4
514,1
514,17
515,5
515,7
516,8
516,1
516,7
517,17
517,2
517,3
134,10
134,13
134,3
518,10
518,13
518,3
519,20
520,10
520,5
520,8
521,10
521,5
521,3
522,1
522,3
522,19
523,8
523,3
524,10
524,4
524,3
525,10
525,4
525,1
526,10
526,4
526,3
527,10
527,4
527,12
528,1
528,19
529,10
529,4
529,5
530,10
530,4
530,3
531,8
531,1
531,2
532,11
532,1
532,7
533,4
533,5
533,1
534,4
534,5
534,13
535,11
535,5
535,8
536,1
536,17
536,3
537,10
537,8
537,12
538,5
538,1
539,5
539,1
540,5
540,7
541,10
541,4
541,5
542,1
542,12
542,7
543,5
543,3
544,8
544,3
545,17
546,10
546,1
546,13
547,10
547,1
547,17
548,10
548,4
548,13
549,10
549,4
550,1
551,1
551,17
551,2
552,10
552,3
553,5
554,10
554,4
554,12
555,5
555,8
555,2
556,1
556,7
557,10
557,4
557,5
558,1
558,12
558,17
559,16
559,10
559,4
560,5
560,1
560,7
561,10
561,4
561,12
562,8
562,3
563,4
563,5
563,12
564,16
564,1
564,6
565,5
565,12
565,7
566,5
566,7
567,10
567,4
567,13
568,5
568,12
569,16
569,4
569,5
570,10
570,4
570,5
571,5
571,1
571,7
572,10
572,5
572,8
573,16
573,4
573,5
574,5
575,5
575,1
575,12
576,1
576,17
576,13
577,10
577,4
577,12
578,5
578,1
579,5
579,17
580,10
580,4
580,13
581,5
581,7
582,17
582,3
583,16
583,4
583,5
584,1
585,10
585,4
585,7
586,10
586,4
586,3
587,10
587,8
587,3
588,5
588,7
589,16
589,4
589,5
590,10
590,17
590,13
591,10
591,4
591,13
592,1
592,7
592,19
593,10
593,4
593,13
594,1
595,1
595,14
596,5
596,12
597,10
597,8
597,3
598,4
598,1
598,7
599,11
599,1
599,9
600,5
600,17
601,8
601,1
602,10
602,5
602,8
603,17
603,2
603,3
604,17
604,2
639,17
639,2
605,5
605,17
606,5
606,12
606,7
607,4
607,5
607,6
608,16
608,10
608,4
609,1
610,10
610,13
611,10
611,8
611,1
612,1
612,2
612,3
613,10
613,4
613,3
614,5
614,1
614,7
615,8
615,1
616,4
616,6
616,12
617,10
617,13
617,3
618,4
618,2
618,3
619,1
619,19
620,1
620,2
620,3
621,1
621,18
621,7
622,10
622,4
622,13
1150,10
1150,4
1150,13
623,11
623,1
624,1
624,14
625,10
625,8
625,1
626,1
626,2
627,5
627,1
627,6
628,1
628,7
629,1
630,1
630,7
630,19
631,5
631,17
631,3
632,10
632,4
632,3
633,1
633,9
634,11
634,1
634,9
635,8
635,2
635,3
636,5
636,1
636,7
637,8
637,17
637,2
638,10
638,8
638,3
604,17
604,2
604,3
639,17
639,2
639,3
640,5
640,14
640,7
641,5
641,8
642,11
642,1
642,3
643,4
643,6
643,13
644,1
644,7
645,16
645,4
645,5
646,17
646,2
646,3
647,4
647,11
647,1
648,10
648,4
648,13
649,10
649,4
649,13
650,8
650,1
650,3
651,5
652,8
652,3
653,4
653,6
653,12
654,1
654,7
655,10
655,1
655,9
656,5
656,8
656,1
657,10
657,8
657,1
658,1
658,17
658,7
659,1
659,7
660,5
661,4
661,6
661,12
662,16
662,4
662,5
663,10
663,8
663,3
664,10
664,4
664,13
665,10
665,4
665,17
666,8
666,1
666,2
667,1
667,2
667,7
668,10
668,8
668,1
669,1
669,7
670,1
670,7
670,13
671,10
671,4
671,13
672,5
672,1
672,12
673,1
673,6
673,12
674,10
674,4
674,5
675,17
676,5
676,1
676,7
677,10
677,1
677,13
678,5
678,18
678,7
679,5
680,5
680,7
681,16
681,10
681,4
682,4
682,5
682,6
683,10
683,4
684,1
684,12
684,7
685,1
686,17
686,13
686,3
687,10
687,5
687,8
688,8
688,1
688,3
689,10
689,4
689,13
690,1
690,15
691,5
692,1
692,7
693,1
693,12
693,17
694,8
694,17
694,13
695,1
695,14
695,7
696,4
696,1
696,7
697,10
697,4
697,13
698,10
698,4
698,13
699,10
699,8
699,1
700,17
700,3
701,17
701,2
701,3
702,5
703,16
703,4
703,5
704,1
704,12
704,3
705,10
705,4
705,1
706,1
706,12
706,7
707,10
707,8
707,1
708,8
708,1
709,1
709,7
710,10
710,4
710,3
711,5
712,1
713,17
713,2
713,3
714,17
714,2
714,3
715,10
715,4
715,13
716,3
717,10
717,4
717,13
718,1
718,2
718,7
719,1
719,3
720,5
720,6
720,12
721,16
721,10
721,4
722,16
722,4
722,5
723,10
723,4
723,13
724,5
724,1
724,6
725,5
726,10
726,4
726,17
727,10
727,4
727,13
728,5
728,1
728,2
729,10
729,4
729,13
730,17
730,2
730,3
731,10
731,4
731,13
732,1
732,7
733,10
733,3
734,4
734,5
734,6
460,10
460,4
460,12
735,10
735,4
735,12
736,17
736,2
736,3
737,1
737,14
737,7
738,10
738,5
738,2
739,8
739,1
739,17
740,16
740,10
740,4
741,10
741,5
741,8
742,1
742,7
742,19
743,8
743,1
744,17
744,13
744,3
745,5
746,5
746,1
746,13
747,5
747,8
747,1
748,1
748,3
749,10
749,4
749,1
750,10
750,4
750,1
751,11
751,1
751,14
752,1
753,8
753,1
753,2
754,10
754,1
754,13
755,10
755,1
755,13
756,10
756,5
756,3
757,1
758,5
758,1
758,7
759,10
759,3
760,10
760,2
760,3
761,1
762,10
762,8
762,1
763,5
763,1
763,7
764,10
764,4
764,7
765,10
765,4
765,13
766,8
766,1
766,2
767,1
767,2
767,3
768,5
768,18
768,7
769,1
769,20
770,5
770,1
770,12
771,5
771,7
772,10
772,8
772,3
773,5
773,1
773,9
774,5
775,5
775,8
775,14
776,8
776,1
776,3
777,5
777,1
777,7
778,5
779,3
780,10
780,4
780,3
781,5
781,1
781,7
782,10
782,4
782,13
783,5
783,6
783,7
784,10
784,1
784,13
785,4
785,1
785,19
786,16
786,4
786,5
787,5
787,1
787,17
788,1
788,7
789,4
789,5
789,6
790,5
790,1
790,7
791,17
791,2
791,3
792,8
792,1
792,3
793,10
793,4
793,12
794,10
794,4
794,13
795,5
795,1
795,7
796,5
796,14
796,7
797,10
797,4
797,1
798,10
798,8
798,3
799,10
799,1
799,13
800,17
216,4
216,5
801,4
801,5
802,10
802,11
802,1
803,10
803,4
803,13
804,8
804,1
804,2
805,16
805,4
805,1
806,8
806,1
806,3
807,11
807,1
807,14
808,8
808,1
808,2
809,16
809,4
809,6
810,4
810,6
810,12
811,11
811,8
811,1
812,5
812,7
813,1
813,7
813,13
814,5
814,8
814,1
815,10
815,4
815,12
816,17
817,11
817,8
817,1
1009,11
1009,8
1009,1
818,5
818,1
818,7
819,1
819,2
819,7
820,11
820,1
820,15
821,17
821,2
821,3
822,10
822,4
822,13
823,5
823,12
823,17
824,1
824,9
824,3
825,1
825,3
826,1
826,17
826,2
827,10
827,4
827,1
828,8
828,1
828,2
829,1
829,7
830,1
830,12
830,2
831,5
831,8
831,14
832,10
832,4
832,3
833,5
834,8
834,1
834,3
835,4
835,1
835,6
1361,4
1361,1
1361,6
836,10
836,8
836,3
837,10
837,5
837,8
838,10
838,4
838,12
839,1
839,12
839,7
840,5
840,18
840,7
841,4
841,1
841,12
842,16
842,10
842,4
843,10
843,1
843,13
844,5
844,8
844,1
845,4
845,5
845,6
846,10
846,5
846,8
847,10
847,4
847,13
848,4
848,5
848,1
849,10
849,4
849,13
850,10
850,4
850,5
851,5
851,12
851,17
852,10
852,4
852,3
853,11
853,8
853,1
854,10
854,4
854,12
855,16
855,4
855,5
856,5
857,5
857,1
857,12
858,10
858,3
859,10
859,1
859,3
860,5
860,1
861,11
861,1
861,9
862,4
862,5
862,13
863,8
863,1
863,3
864,10
864,1
864,9
865,10
865,1
865,3
866,17
866,13
866,3
867,5
867,1
867,7
868,10
868,4
868,1
869,16
869,4
869,5
870,6
870,12
870,18
871,10
871,4
871,13
872,10
872,4
872,12
873,1
874,10
874,4
874,12
875,17
875,2
875,3
876,1
876,15
877,10
877,4
877,13
878,17
879,10
879,4
879,3
880,13
880,3
881,1
881,13
881,3
882,5
883,11
883,1
884,16
884,4
884,5
885,10
885,4
885,3
886,5
886,3
887,5
887,7
888,10
888,5
888,6
889,17
889,3
890,10
890,4
890,11
891,11
891,1
891,9
892,1
893,10
893,4
893,6
894,5
894,14
895,8
895,1
895,3
896,5
896,1
896,7
897,1
897,7
898,4
898,5
898,6
1392,4
1392,5
1392,6
899,10
899,1
899,15
900,8
900,17
900,2
901,5
901,1
901,6
902,1
902,14
902,7
903,5
903,1
904,5
904,15
905,10
905,4
905,3
906,10
906,3
907,1
908,10
908,1
908,6
1745,10
1745,1
1745,6
909,4
909,5
910,17
910,3
911,10
911,3
912,5
912,1
912,7
913,5
913,1
914,5
914,7
915,10
915,4
915,1
916,1
916,7
917,5
917,1
917,7
918,10
918,1
918,9
919,1
919,17
919,3
920,11
920,1
921,10
921,11
921,1
922,10
922,17
922,13
923,5
923,8
924,4
924,17
924,3
925,10
925,8
925,3
926,10
926,4
926,13
927,10
927,4
927,12
1639,10
1639,4
1639,12
928,21
929,5
930,8
930,1
930,3
931,1
932,10
932,4
932,13
933,1
933,6
933,12
934,11
934,8
934,1
935,10
935,8
935,13
936,5
936,1
936,15
937,5
937,8
937,2
938,5
939,10
939,3
940,10
940,4
940,13
941,17
941,3
942,10
942,13
942,3
943,5
943,1
943,7
944,16
944,4
944,5
945,5
945,1
946,11
946,1
947,1
947,2
947,3
948,10
948,4
948,1
949,5
949,1
950,10
950,12
951,5
951,7
952,17
952,2
952,3
953,11
953,1
953,9
954,5
954,1
954,7
955,8
955,1
956,16
956,4
956,1
957,1
957,3
958,8
958,1
958,3
959,16
959,4
959,5
960,10
960,4
960,3
961,1
961,2
961,3
962,5
962,6
962,12
963,17
963,2
963,3
964,21
964,11
964,14
965,5
965,1
966,5
966,1
966,7
967,5
968,1
968,7
969,10
969,4
969,13
970,10
970,12
970,17
971,8
971,1
971,3
77,1
77,6
77,12
972,1
972,6
972,12
973,10
973,8
973,2
974,10
974,4
974,12
975,1
975,12
975,17
976,1
977,1
977,3
978,1
979,4
979,1
980,10
980,4
980,12
981,10
981,1
981,9
982,1
982,13
982,3
983,8
983,1
983,2
984,5
984,1
984,7
985,8
985,1
985,3
986,5
986,1
987,5
987,1
988,1
988,7
989,1
989,3
990,10
990,4
990,13
991,16
991,10
991,4
992,10
992,6
992,12
993,1
994,4
994,1
994,6
995,10
995,11
995,1
996,16
996,4
996,5
997,8
997,1
997,3
998,17
998,3
1102,17
1102,3
999,1
999,18
999,7
1000,17
1000,2
1000,3
1001,12
1001,17
1001,2
1002,10
1002,5
1002,8
1003,16
1003,1
1003,6
1004,17
1004,2
1004,3
1005,10
1005,4
1005,13
1006,4
1006,1
1006,6
1007,5
1007,14
1008,4
1008,1
1008,20
817,4
817,12
817,7
1009,4
1009,12
1009,7
1010,12
1010,17
1010,2
1011,5
1011,1
1012,1
1012,7
1012,13
1013,1
1013,14
1013,7
1014,8
1014,1
1014,3
1343,8
1343,1
1343,3
1015,10
1015,1
1015,17
1016,1
1016,20
1017,10
1017,4
1017,13
1018,4
1018,5
1018,1
1019,13
1019,3
1020,10
1020,4
1020,13
1021,10
1021,13
1021,3
187,1
187,6
187,7
1022,1
1022,6
1022,7
1023,10
1023,8
1023,3
1024,5
1024,1
1024,18
1025,5
1025,13
1026,10
1026,8
1026,3
1027,5
1028,5
1028,1
1029,5
1029,2
1029,13
1030,11
1030,8
1030,1
1031,10
1031,5
1031,8
1032,10
1032,4
1032,5
1033,1
1033,3
1034,8
1034,1
1034,2
1035,1
1035,2
1035,13
1036,10
1036,5
1037,10
1037,4
1037,12
1038,10
1038,3
1039,10
1039,4
1039,13
1040,10
1040,1
1041,5
1041,15
1042,4
1042,6
1042,12
1043,8
1043,1
1043,2
1044,5
1044,17
1045,5
1045,8
1045,2
1046,5
1046,17
1047,5
1047,17
1048,5
1048,17
1049,10
1049,4
1049,17
1050,10
1050,4
1051,10
1051,4
1051,3
1052,1
1053,1
1053,7
1054,10
1054,1
1054,9
1055,1
1055,9
1055,19
1056,1
1056,7
1056,19
1057,10
1057,4
1057,1
1058,5
1058,7
1058,13
1059,8
1059,1
1059,2
1060,4
1060,5
1060,1
1061,10
1061,4
1061,13
1062,1
1062,9
1062,7
1063,10
1063,4
1063,13
1064,5
1064,1
1064,7
1065,5
1065,12
1066,5
1066,8
1066,18
1067,5
1067,7
1068,1
1068,20
1069,10
1069,4
1069,13
1070,11
1070,1
1071,10
1071,4
1071,1
1072,5
1073,10
1073,4
1073,5
1074,1
1074,6
1075,12
1075,17
1075,2
1076,10
1076,13
1077,10
1077,12
1077,17
1078,8
1078,1
1078,3
1079,17
1079,2
1079,3
1080,10
1080,13
1081,1
1081,3
1082,10
1082,4
1082,1
1083,10
1083,4
1083,2
1084,5
1084,1
1085,16
1085,4
1085,5
1086,1
1086,14
1086,7
1087,10
1087,4
1087,3
1088,10
1088,4
1088,13
1089,1
1089,9
1089,3
1090,10
1090,4
1090,12
1091,5
1091,6
1092,10
1092,5
1092,17
1093,2
1093,3
1094,16
1094,4
1094,1
1095,4
1095,11
1095,1
1096,10
1096,11
1096,1
1097,5
1097,1
1098,10
1098,8
1098,7
1099,8
1099,1
1099,2
1100,4
1100,5
1100,6
1101,5
1101,19
998,17
998,3
1102,17
1102,3
1103,10
1103,13
1104,10
1104,3
1105,10
1105,3
1106,10
1106,4
1106,13
1107,10
1107,2
1107,3
1108,1
1108,9
1109,5
1110,1
1110,13
1110,3
1111,11
1111,5
1111,1
1112,10
1112,13
1113,1
1113,7
1114,10
1114,5
1114,8
1115,10
1115,4
1115,1
1116,8
1116,1
1116,3
206,16
206,6
206,12
1117,16
1117,6
1117,12
1118,10
1118,17
1119,10
1119,8
1119,3
1120,17
1120,3
1121,10
1121,13
1121,3
1122,4
1122,11
1122,1
1123,10
1123,13
1123,3
1124,8
1124,1
1124,3
1125,17
1125,2
1125,13
1126,11
1126,1
1126,9
1127,5
1127,1
1127,6
1128,8
1128,3
1129,10
1129,4
1129,5
1130,10
1130,8
1130,3
1131,10
1131,8
1131,1
1132,11
1132,1
1132,9
1133,10
1133,4
1133,5
1134,10
1134,1
1134,12
1135,5
1135,15
1136,10
1136,4
1136,13
1137,10
1137,4
1137,2
1138,10
1138,8
1138,1
1139,5
1139,15
1140,1
1140,3
1141,4
1141,12
1142,5
1142,1
1142,7
1143,17
1143,3
1144,4
1144,1
1144,7
1145,17
1145,3
1146,5
1146,7
1147,8
1147,1
1147,3
1148,10
1148,4
1148,13
1149,8
1149,1
1149,3
622,4
622,13
1150,4
1150,13
1151,10
1151,5
1151,3
1152,10
1152,4
1152,13
1153,1
1153,2
1153,3
1154,8
1154,1
1154,2
1155,1
1155,9
1155,3
1156,5
1157,10
1157,4
1157,3
1158,10
1158,5
1158,8
1159,1
1159,13
1160,10
1160,13
1161,10
1161,8
1161,1
1162,4
1162,5
1162,1
1163,1
1163,17
1163,18
1164,10
1164,13
1165,17
1165,2
1165,3
1166,1
1166,2
1166,3
1167,5
1167,8
1167,2
1168,10
1168,5
1168,8
1169,10
1169,4
1169,5
1170,10
1170,4
1170,5
1171,10
1171,4
1171,5
1172,4
1172,5
1173,16
1173,4
1173,5
1503,16
1503,4
1503,5
1174,5
1175,8
1175,1
1175,22
1176,10
1176,4
1176,6
1177,5
1177,6
1177,7
1178,10
1178,17
1178,13
1179,5
1179,1
1179,12
1180,1
1180,17
1181,4
1181,1
1181,12
1182,10
1182,8
1182,1
1183,10
1183,8
1183,1
1184,1
1184,2
1184,3
1185,1
1185,7
1186,10
1186,17
1186,2
1187,1
1187,2
1188,1
1188,9
1189,1
1189,13
1190,1
1190,7
1191,8
1191,1
1191,12
1192,10
1192,4
1192,1
1193,16
1193,4
1193,5
1194,4
1194,5
1194,1
1195,4
1195,1
1195,2
1196,10
1196,4
1196,5
1197,10
1197,4
1197,13
1198,1
1198,17
1198,2
1199,1
1199,7
1200,17
1200,2
1200,13
1201,1
1202,11
1202,1
1202,15
1203,10
1203,8
1203,1
1204,16
1204,4
1204,5
1205,10
1205,1
1205,15
1206,4
1206,1
1206,9
1207,5
1207,7
1208,5
1208,7
1208,15
1209,10
1209,4
1209,1
1210,1
1210,7
1210,19
1211,5
1211,15
1212,5
1212,12
1213,10
1213,4
1213,3
1214,10
1214,4
1214,12
1215,1
1215,17
1216,10
1216,4
1216,13
1217,5
1218,1
1218,2
1218,20
1219,5
1219,1
1219,7
1220,16
1220,4
1220,5
1221,10
1221,3
1222,4
1222,5
1222,12
1223,10
1223,4
1223,12
1224,11
1224,8
1224,1
1225,10
1225,4
1225,13
1226,10
1226,4
1226,12
1227,1
1227,7
1228,11
1228,8
1228,1
1229,10
1229,5
1229,8
1230,10
1230,4
1230,5
1231,5
1231,1
1231,7
1232,5
1232,7
1233,5
1234,5
1234,1
1234,7
1235,1
1235,2
1236,1
1236,7
1236,3
1237,10
1237,4
1237,5
1238,1
1238,7
1239,10
1239,4
1239,1
1240,5
1240,1
1240,7
1241,8
1241,1
1241,3
1242,5
1242,1
1243,11
1243,1
1243,9
1244,1
1244,3
1245,10
1245,4
1245,13
1246,10
1246,3
1247,5
1247,1
1247,7
1248,10
1248,4
1248,3
1249,5
1249,1
1249,6
1250,11
1250,1
1250,3
1251,5
1251,7
1252,10
1252,8
1252,13
1253,4
1253,1
1253,12
1254,5
1254,8
1254,1
258,17
258,2
258,3
491,17
491,2
491,3
1255,17
1255,2
1255,3
1256,1
1256,9
1256,19
1257,8
1257,1
1257,2
1258,10
1258,8
1258,1
1259,10
1259,5
1259,8
1260,5
1260,20
1261,10
1261,8
1261,3
1262,10
1262,4
1262,13
1263,17
1263,3
1264,10
1264,8
1264,3
1265,10
1265,4
1265,3
1266,5
1266,6
1267,10
1267,4
1267,13
1268,10
1268,4
1268,5
1269,1
1269,12
1269,7
1270,17
1270,2
1714,17
1714,2
1271,16
1271,4
1271,5
1272,1
1272,12
1272,17
1273,10
1273,5
1273,8
1274,2
1274,7
1274,3
1275,5
1275,13
1276,1
1276,17
1276,13
1277,11
1277,1
1277,19
1278,5
1278,7
1279,10
1279,4
1279,5
1280,10
1280,4
1280,13
1281,5
1281,1
1281,15
1282,10
1282,8
1282,1
1283,10
1283,8
1283,1
1284,1
1284,13
1284,3
1285,5
1285,8
1285,1
1286,10
1286,5
1286,8
1287,5
1287,1
1287,7
1288,1
1289,1
1289,12
1289,7
1290,1
1290,2
1290,3
1291,5
1292,1
1292,2
1292,3
1293,17
1293,2
1294,5
1294,8
1295,10
1295,4
1295,13
1296,10
1296,4
1296,17
1297,5
1297,7
1298,1
1299,5
1299,1
1299,7
1300,5
1300,1
1300,7
1301,5
1302,5
1302,7
1303,10
1303,3
1304,5
1304,8
1305,10
1305,4
1305,13
1306,10
1306,4
1306,3
1307,10
1307,4
1307,2
1308,2
1308,3
1309,1
1310,5
1310,1
1310,15
1311,11
1311,6
1311,15
1312,10
1312,4
1312,5
1313,5
1313,1
1314,11
1314,1
1314,9
1315,1
1315,3
1316,10
1316,19
1317,5
1317,7
1318,10
1318,4
1318,8
1319,10
1319,4
1319,5
1320,10
1320,8
1320,1
1321,10
1321,1
1321,2
1322,10
1322,8
1322,3
1323,5
1323,12
1324,5
1324,1
1324,7
1325,10
1325,5
1325,8
1326,10
1326,4
1326,3
1327,1
1327,3
1328,10
1328,12
1328,17
1329,10
1329,4
1329,2
1330,10
1330,4
1330,8
1331,12
1331,2
1331,7
1332,17
1332,2
1332,3
1333,4
1333,5
1333,1
1334,1
1334,17
1334,13
1335,8
1335,1
1335,3
1336,16
1336,4
1336,5
1337,1
1337,3
1338,5
1338,7
1339,4
1339,1
1339,3
1340,10
1340,4
1340,3
1341,10
1341,4
1341,13
1342,4
1342,5
1342,8
1014,1
1343,1
1344,5
1344,7
1345,4
1345,5
1345,13
1346,10
1346,4
1346,8
1347,1
1347,7
1348,10
1348,17
1348,13
1349,4
1349,6
1349,12
471,8
471,1
471,18
1350,8
1350,1
1350,18
1351,10
1351,5
1352,10
1352,4
1352,3
1353,1
1353,2
1353,3
1354,11
1354,8
1354,1
1355,2
1355,3
1356,1
1356,7
1357,5
1357,1
1357,7
1358,10
1358,3
1359,10
1359,5
1359,17
1360,4
1360,1
1360,7
835,5
835,6
835,12
1361,5
1361,6
1361,12
1362,17
1362,2
1362,13
1363,5
1363,18
1363,7
1364,1
1364,20
1365,10
1365,4
1365,13
1366,1
1366,13
1366,3
1367,4
1367,1
1367,6
1368,8
1368,1
1368,2
1369,1
1369,14
1369,7
1370,5
1370,1
1371,10
1371,4
1371,5
1416,10
1416,4
1416,5
1372,1
1372,17
1372,13
1373,16
1373,4
1373,5
1374,1
1374,3
1374,19
1375,4
1375,11
1375,5
1376,10
1376,4
1376,12
1377,10
1377,4
1377,8
1378,5
1378,7
1379,1
1379,17
1379,2
1380,4
1380,1
1380,3
1381,5
1381,1
1381,12
1382,5
1383,10
1383,3
1384,5
1384,7
1385,5
1385,1
1386,10
1386,4
1386,12
1678,10
1678,4
1678,12
1387,10
1387,2
1387,13
1388,8
1388,1
1388,2
1389,17
1390,10
1390,4
1390,5
1391,10
1391,1
1391,9
898,16
898,4
898,5
1392,16
1392,4
1392,5
1393,10
1393,1
1393,3
1394,1
1394,12
1394,13
1395,10
1395,3
1396,17
1396,2
1396,3
1397,10
1397,5
1397,12
1398,11
1398,1
1399,5
1399,6
1399,14
1400,10
1400,8
1400,1
428,10
428,8
428,13
1401,10
1401,8
1401,13
1402,16
1402,4
1402,5
1403,10
1403,4
1403,12
1404,10
1404,11
1404,8
1405,10
1405,4
1405,12
1406,5
1406,7
1407,10
1407,4
1407,3
1408,8
1408,1
1408,2
1409,10
1409,8
1409,1
1410,5
1411,5
1411,6
1411,7
1412,11
1412,1
1412,14
1413,5
1413,1
1413,7
1414,1
1414,9
1414,2
1415,5
1371,10
1371,4
1371,5
1416,10
1416,4
1416,5
1417,1
1417,7
1418,5
1418,15
1419,5
1419,7
1420,1
1421,4
1421,5
1421,8
1422,1
1422,17
1422,3
1423,17
1424,10
1424,13
1424,3
1425,1
1425,19
1426,5
1426,1
1426,6
1427,1
1427,3
1428,1
1428,20
1429,5
1430,5
1430,14
1431,1
1431,12
1431,17
1432,10
1432,8
1432,3
1433,10
1433,4
1433,1
1591,10
1591,4
1591,1
1434,10
1434,4
1434,5
1435,4
1435,1
1435,6
1436,10
1436,4
1436,12
410,8
410,1
410,7
1437,8
1437,1
1437,7
1438,17
1438,2
1438,3
1439,11
1439,1
1440,11
1440,8
1440,1
1441,10
1441,4
1441,3
1442,10
1442,12
1442,3
1443,5
1444,5
1445,10
1445,4
1445,13
1446,17
1446,2
1447,1
1447,15
1448,2
1448,3
1449,5
1449,7
1450,10
1450,4
1450,12
1451,11
1451,1
1452,16
1452,4
1452,5
1453,10
1453,8
1453,1
1454,8
1454,1
1454,3
1455,8
1455,1
1456,10
1456,4
1456,12
1457,5
1458,10
1458,8
1458,3
1459,10
1459,5
1459,1
1460,1
1460,2
1461,10
1461,4
1461,5
1462,1
1462,7
1462,3
1463,8
1463,1
1463,2
490,8
490,1
490,17
1464,8
1464,1
1464,17
1465,17
1465,3
1466,1
1466,7
1466,13
1467,4
1467,5
1467,18
1468,5
1469,5
1469,1
1470,10
1470,4
1470,5
1471,8
1471,1
1472,8
1472,1
1472,9
1473,16
1473,4
1473,5
1474,1
1475,10
1475,4
1475,13
1476,5
1476,12
1476,7
1477,10
1477,12
1477,3
1478,10
1478,1
1478,2
1479,8
1479,1
1480,5
1480,6
1480,12
1481,10
1481,4
1481,13
1482,5
1482,12
1483,1
1483,2
1483,13
1484,5
1484,7
1485,5
1485,1
1486,5
1486,1
1486,7
1487,16
1487,4
1487,5
1488,1
1489,4
1489,1
1489,6
1490,10
1490,5
1490,8
1491,10
1491,13
1491,3
1492,4
1492,5
1492,8
1493,8
1493,1
1493,2
1494,10
1494,4
1494,3
1495,5
1495,12
1496,5
1496,1
1496,7
1497,3
1498,5
1499,10
1499,4
1499,19
1500,8
1500,2
1500,7
1501,5
1502,10
1502,17
1502,13
1173,10
1173,4
1173,12
1503,10
1503,4
1503,12
1504,4
1504,6
1504,12
1505,17
1505,2
1505,3
1506,5
1506,1
1507,21
1508,1
1508,3
1509,10
1509,5
1509,8
1510,5
1510,1
1510,7
1511,4
1511,5
1511,6
1512,10
1512,4
1512,13
1513,12
1513,17
1514,10
1514,4
1514,3
1515,4
1515,5
1516,8
1516,1
1516,7
1517,4
1517,5
1517,12
1518,2
1518,13
1518,3
1519,5
1519,14
1519,7
1520,11
1520,1
1520,9
1521,1
1522,5
1522,1
1522,6
1523,16
1523,4
1523,5
1524,10
1524,8
1524,1
1525,17
1525,13
1525,3
1526,11
1526,1
1526,15
1527,10
1527,4
1527,13
1528,10
1528,4
1528,1
1529,10
1529,3
1530,1
1530,3
1531,10
1531,17
1531,13
1532,1
1533,10
1533,13
1534,5
1534,7
1535,10
1535,1
1535,13
1536,5
1536,1
1537,10
1537,4
1537,13
1538,8
1538,1
1539,1
1539,7
1540,11
1540,1
1540,15
1541,16
1541,10
1541,4
1542,5
1542,12
1543,10
1543,4
1543,13
1544,11
1544,1
1545,1
1545,2
1545,3
1546,10
1546,1
1546,9
1547,8
1547,1
1547,3
1548,10
1548,4
1548,8
1549,4
1549,6
1549,12
1550,11
1550,1
1551,4
1551,5
1551,6
1552,10
1552,4
1552,13
1553,5
1553,3
1554,5
1555,5
1556,5
1556,12
1556,2
1557,1
1558,5
1558,7
1559,16
1559,10
1559,4
1560,5
1560,1
1561,1
1562,10
1562,5
1562,8
1563,1
1563,2
1563,3
1564,11
1564,1
1565,10
1565,5
1566,16
1566,4
1566,1
1567,1
1567,2
1567,13
1568,5
1568,17
1569,11
1569,5
1569,8
1570,1
1570,7
1570,3
1571,1
1571,2
1571,13
218,4
218,3
1572,4
1572,3
1573,10
1573,4
1573,11
1574,12
1574,2
1574,13
1575,5
1576,16
1576,10
1576,4
1577,1
1577,3
1578,1
1579,10
1579,1
1579,13
1580,10
1580,3
1581,4
1581,1
1581,13
1582,8
1582,1
1582,3
1583,4
1583,1
1583,12
1584,16
1584,4
1584,5
1585,4
1585,5
1585,13
1586,16
1586,1
1586,6
1587,10
1587,4
1587,1
1588,5
1588,1
1588,7
1589,17
1589,2
1590,10
1590,4
1590,1
1433,4
1433,1
1591,4
1591,1
1592,10
1592,5
1592,17
1593,10
1593,4
1593,3
1594,10
1594,17
1594,3
1595,17
1595,13
1595,3
1596,11
1596,1
1597,11
1597,5
1597,1
1598,5
1598,14
1598,7
1599,10
1599,17
1599,13
1600,10
1600,5
1600,12
1601,4
1601,5
1601,1
1602,1
1602,17
1602,2
1603,17
1603,13
1604,17
1604,3
1605,10
1605,1
1605,3
1606,10
1606,8
1606,3
1607,10
1607,5
1607,17
1608,10
1608,4
1608,5
1609,16
1609,10
1609,5
1610,1
1610,2
1610,13
1611,4
1611,6
1611,12
1612,11
1612,1
1612,9
1613,10
1613,1
1613,9
1614,4
1614,6
1614,12
1615,4
1615,5
1615,13
1616,17
1617,1
1617,3
1618,10
1618,1
1618,19
1619,1
1620,10
1620,13
1620,3
1621,8
1621,3
1622,10
1622,1
1622,12
1623,5
1623,1
1623,6
1624,5
1624,12
1625,11
1625,8
1625,1
1626,1
1626,7
1627,5
1628,5
1628,6
1628,12
1629,1
1630,16
1630,4
1630,5
1631,5
1631,14
1631,7
1632,10
1632,4
1632,3
1633,4
1633,1
1633,12
1634,8
1634,1
1634,3
1635,8
1635,3
1636,12
1636,17
1637,5
1638,1
1638,14
927,10
927,4
927,12
1639,10
1639,4
1639,12
1640,5
1640,8
1641,4
1641,5
1641,12
1642,16
1642,4
1642,5
1643,10
1643,4
1643,1
1644,1
1644,12
1644,7
1645,5
1645,8
1646,8
1646,1
1646,7
1647,10
1647,4
1647,12
1648,11
1648,8
1648,1
1649,11
1649,1
1649,9
1650,10
1650,4
1650,12
1651,5
1651,1
1651,7
1652,8
1652,1
1652,3
1653,4
1653,11
1653,1
1654,5
1654,6
1654,7
1655,5
1655,8
1655,1
1656,1
1656,13
1657,17
1657,3
1700,17
1700,3
1658,16
1658,10
1658,4
1659,5
1660,16
1660,10
1660,4
1661,16
1661,10
1661,4
1662,5
1662,1
1662,7
1663,1
1663,3
1664,10
1664,8
1664,3
1665,11
1665,1
1665,15
1666,4
1666,1
1666,9
1667,16
1667,10
1667,4
1668,17
1668,3
1669,5
1670,5
1670,1
1670,7
1671,1
1672,10
1672,4
1672,5
1673,1
1674,5
1674,8
1674,2
1675,16
1675,4
1675,5
1676,5
1676,7
1677,11
1677,1
1677,19
1386,10
1386,4
1386,12
1678,10
1678,4
1678,12
1679,4
1679,1
1679,12
1680,10
1680,4
1680,8
1681,10
1681,8
1681,1
1682,10
1682,4
1682,13
1683,5
1683,12
1683,14
1684,8
1684,17
1684,3
1685,5
1685,2
1685,7
1686,11
1686,1
1686,15
1687,10
1687,4
1687,5
1688,10
1688,1
1688,2
1689,5
1689,7
1689,13
1690,10
1690,11
1690,8
1691,5
1691,1
1692,5
1692,1
1693,10
1693,4
1693,3
1694,16
1694,10
1694,4
1695,5
1696,16
1696,4
1696,5
1697,5
1697,1
1698,1
1698,17
1698,3
1699,10
1699,8
1699,1
1657,17
1657,2
1657,3
1700,17
1700,2
1700,3
1701,10
1701,4
1701,13
1702,5
1702,1
1703,11
1703,1
1703,14
1704,1
1704,7
1705,16
1705,4
1705,5
1706,5
1706,1
1706,7
1707,5
1707,7
1708,10
1708,4
1708,13
1709,4
1709,8
1709,1
1710,17
1711,10
1711,4
1711,13
1712,10
1712,13
1713,17
1713,2
1713,3
1270,1
1270,17
1270,3
1714,1
1714,17
1714,3
1715,5
1715,17
1716,10
1716,1
1716,3
1717,8
1717,1
1717,2
1718,4
1718,5
1718,1
1719,1
1719,3
1720,10
1720,17
1720,13
1721,10
1721,4
1721,5
1722,11
1722,8
1722,1
1723,10
1723,2
1723,3
1724,10
1724,4
1724,3
1725,1
1725,2
1725,7
1726,4
1726,5
1726,14
1727,5
1727,8
1727,1
1728,5
1728,1
1728,9
1729,4
1729,5
1729,6
1730,10
1730,4
1730,5
1731,10
1731,1
1731,20
1732,10
1732,4
1732,5
1733,5
1733,1
1733,7
1734,5
1734,7
1734,15
1735,5
1736,10
1736,1
1736,15
208,16
208,4
208,6
1737,16
1737,4
1737,6
1738,10
1738,3
1739,10
1739,4
1739,12
1740,17
1740,3
1741,5
1741,1
1741,7
1742,5
1742,1
1742,14
1743,10
1743,8
1743,1
1744,2
1744,3
908,10
908,1
908,6
1745,10
1745,1
1745,6
1746,10
1746,4
1746,13
1747,5
1747,7
1748,17
1748,2
1748,3
1749,10
1749,4
1749,3
1750,4
1750,5
1750,6
1751,1
1752,8
1752,2
1752,3
1753,10
1753,4
1753,13
1754,11
1754,1
1755,5
1755,14
1756,10
1756,13
1757,10
1757,8
1757,1
1758,5
1758,1
1758,7
1759,1
1759,7
1760,1
1761,10
1761,13
1761,3
1762,5
1762,6
1762,7
1763,10
1763,4
1763,12
1764,10
1764,11
1764,1
1765,5
1765,12
1765,17
1766,4
1766,5
1766,1
1767,16
1767,10
1767,4
1768,1
1768,2
1768,3
1769,4
1769,1
1769,7
1770,8
1770,1
1770,2
1771,10
1771,17
1771,13
1772,5
1772,8
1773,5
1773,17
1773,18
1774,5
1774,7
1775,1
1775,17
1775,2
1776,1
1776,9
1776,3
294,10
294,8
294,3
1777,10
1777,8
1777,3
1778,8
1778,1
1778,3
1779,17
1779,2
1779,3
1780,5
1780,1
1780,2
1781,4
1781,1
1781,7
1782,11
1782,8
1782,1
1783,1
1783,15
1784,10
1784,4
1784,3
1785,11
1785,1
1785,7
1786,10
1786,13
1786,3
1787,8
1787,1
1787,2
1788,5
1788,6
1789,10
1789,3
1790,10
1790,1
1790,14
1791,10
1791,5
1791,1
1792,1
1792,12
1792,2
1793,1
1793,7
1794,21
1794,9
1794,19
1795,10
1795,4
1795,1
1796,10
1796,1
1796,9
1797,1
1797,7
1797,19
1798,10
1798,8
1798,1
1799,17
1800,10
1800,4
1800,13
1801,1
1801,18
1801,7
1802,5
1802,1
1802,7
1803,1
1803,17
1803,13
1804,5
1804,1
1804,6
1805,10
1805,5
1805,8
